Venue,Division,Season,Date,Round,URL,Player,First Thrower,Opponent,Leg,Total Darts,Result,Throw_1,Throw_2,Throw_3,Throw_4,Throw_5,Throw_6,Throw_7,Throw_8,Throw_9,Throw_10,Throw_11,Throw_12,Throw_13,Throw_14
Redhill,,,04/04/2025,Group 1,https://www.dartsatlas.com/matches/EBfGW49WYIW6,Craig Cross,First,Seb Carvill,1,24,WON,42,44,100,36,58,60,91,70,,,,,,
Redhill,,,04/04/2025,Group 1,https://www.dartsatlas.com/matches/EBfGW49WYIW6,Seb Carvill,Second,Craig Cross,1,21,LOST,31,65,41,99,41,27,41,,,,,,,
Redhill,,,04/04/2025,Group 1,https://www.dartsatlas.com/matches/EBfGW49WYIW6,Craig Cross,Second,Seb Carvill,2,32,WON,84,59,53,42,59,140,48,0,8,4,4,,,
Redhill,,,04/04/2025,Group 1,https://www.dartsatlas.com/matches/EBfGW49WYIW6,Seb Carvill,First,Craig Cross,2,33,LOST,66,45,22,6,24,28,96,42,95,15,42,,,
Redhill,,,04/04/2025,Group 1,https://www.dartsatlas.com/matches/isTCm7dHaOUA,KESH Kahsio Dallman,Second,Robbie Collins,1,20,WON,81,70,22,121,140,27,40,,,,,,,
Redhill,,,04/04/2025,Group 1,https://www.dartsatlas.com/matches/isTCm7dHaOUA,Robbie Collins,First,KESH Kahsio Dallman,1,21,LOST,85,47,82,49,44,58,32,,,,,,,
Redhill,,,04/04/2025,Group 1,https://www.dartsatlas.com/matches/isTCm7dHaOUA,KESH Kahsio Dallman,First,Robbie Collins,2,24,LOST,84,121,68,58,50,60,50,0,,,,,,
Redhill,,,04/04/2025,Group 1,https://www.dartsatlas.com/matches/isTCm7dHaOUA,Robbie Collins,Second,KESH Kahsio Dallman,2,23,WON,54,100,58,47,44,100,80,18,,,,,,
Redhill,,,04/04/2025,Group 1,https://www.dartsatlas.com/matches/isTCm7dHaOUA,KESH Kahsio Dallman,Second,Robbie Collins,3,21,LOST,140,41,66,45,45,98,48,,,,,,,
Redhill,,,04/04/2025,Group 1,https://www.dartsatlas.com/matches/isTCm7dHaOUA,Robbie Collins,First,KESH Kahsio Dallman,3,24,WON,100,60,60,81,100,52,16,32,,,,,,
Redhill,,,04/04/2025,Group 1,https://www.dartsatlas.com/matches/aPONdUFBaSDv,Steve Henry,First,Craig Cross,1,24,LOST,32,44,45,60,60,81,59,40,,,,,,
Redhill,,,04/04/2025,Group 1,https://www.dartsatlas.com/matches/aPONdUFBaSDv,Craig Cross,Second,Steve Henry,1,24,WON,85,100,90,59,49,50,28,40,,,,,,
Redhill,,,04/04/2025,Group 1,https://www.dartsatlas.com/matches/aPONdUFBaSDv,Steve Henry,Second,Craig Cross,2,39,LOST,66,81,45,46,43,21,33,98,61,0,0,3,0,
Redhill,,,04/04/2025,Group 1,https://www.dartsatlas.com/matches/aPONdUFBaSDv,Craig Cross,First,Steve Henry,2,40,WON,43,58,85,85,60,46,44,60,0,0,0,0,16,4
Redhill,,,04/04/2025,Group 1,https://www.dartsatlas.com/matches/do0jRREO9Mxd,Seb Carvill,Second,KESH Kahsio Dallman,1,30,LOST,82,24,52,41,38,78,26,25,43,80,,,,
Redhill,,,04/04/2025,Group 1,https://www.dartsatlas.com/matches/do0jRREO9Mxd,KESH Kahsio Dallman,First,Seb Carvill,1,31,WON,81,100,45,60,30,9,41,53,60,0,22,,,
Redhill,,,04/04/2025,Group 1,https://www.dartsatlas.com/matches/do0jRREO9Mxd,Seb Carvill,First,KESH Kahsio Dallman,2,33,LOST,40,26,31,65,43,81,100,75,24,0,0,,,
Redhill,,,04/04/2025,Group 1,https://www.dartsatlas.com/matches/do0jRREO9Mxd,KESH Kahsio Dallman,Second,Seb Carvill,2,31,WON,85,28,41,41,60,64,60,38,23,43,18,,,
Redhill,,,04/04/2025,Group 1,https://www.dartsatlas.com/matches/fBS8GEwyb0oc,Robbie Collins,First,Steve Henry,1,20,WON,120,96,140,41,36,52,16,,,,,,,
Redhill,,,04/04/2025,Group 1,https://www.dartsatlas.com/matches/fBS8GEwyb0oc,Steve Henry,Second,Robbie Collins,1,18,LOST,85,40,84,60,43,99,,,,,,,,
Redhill,,,04/04/2025,Group 1,https://www.dartsatlas.com/matches/fBS8GEwyb0oc,Robbie Collins,Second,Steve Henry,2,24,LOST,32,44,60,54,100,38,61,80,,,,,,
Redhill,,,04/04/2025,Group 1,https://www.dartsatlas.com/matches/fBS8GEwyb0oc,Steve Henry,First,Robbie Collins,2,25,WON,80,30,41,85,95,45,89,18,18,,,,,
Redhill,,,04/04/2025,Group 1,https://www.dartsatlas.com/matches/fBS8GEwyb0oc,Robbie Collins,First,Steve Henry,3,17,WON,41,85,100,135,60,80,,,,,,,,
Redhill,,,04/04/2025,Group 1,https://www.dartsatlas.com/matches/fBS8GEwyb0oc,Steve Henry,Second,Robbie Collins,3,15,LOST,100,46,44,41,95,,,,,,,,,
Redhill,,,04/04/2025,Group 1,https://www.dartsatlas.com/matches/YmZZfuUQJ8az,Craig Cross,First,KESH Kahsio Dallman,1,25,WON,44,52,81,44,97,45,53,49,36,,,,,
Redhill,,,04/04/2025,Group 1,https://www.dartsatlas.com/matches/YmZZfuUQJ8az,KESH Kahsio Dallman,Second,Craig Cross,1,24,LOST,78,41,41,41,60,100,0,80,,,,,,
Redhill,,,04/04/2025,Group 1,https://www.dartsatlas.com/matches/YmZZfuUQJ8az,Craig Cross,Second,KESH Kahsio Dallman,2,15,LOST,58,43,46,51,95,,,,,,,,,
Redhill,,,04/04/2025,Group 1,https://www.dartsatlas.com/matches/YmZZfuUQJ8az,KESH Kahsio Dallman,First,Craig Cross,2,18,WON,26,140,100,52,120,63,,,,,,,,
Redhill,,,04/04/2025,Group 1,https://www.dartsatlas.com/matches/YmZZfuUQJ8az,Craig Cross,First,KESH Kahsio Dallman,3,23,WON,75,56,43,54,57,96,100,20,,,,,,
Redhill,,,04/04/2025,Group 1,https://www.dartsatlas.com/matches/YmZZfuUQJ8az,KESH Kahsio Dallman,Second,Craig Cross,3,21,LOST,95,62,41,99,60,90,34,,,,,,,
Redhill,,,04/04/2025,Group 1,https://www.dartsatlas.com/matches/MjuMJ3Mziv3O,Seb Carvill,Second,Robbie Collins,1,18,LOST,61,60,41,85,60,22,,,,,,,,
Redhill,,,04/04/2025,Group 1,https://www.dartsatlas.com/matches/MjuMJ3Mziv3O,Robbie Collins,First,Seb Carvill,1,20,WON,26,134,82,95,82,42,40,,,,,,,
Redhill,,,04/04/2025,Group 1,https://www.dartsatlas.com/matches/MjuMJ3Mziv3O,Seb Carvill,First,Robbie Collins,2,18,LOST,44,46,13,20,58,28,,,,,,,,
Redhill,,,04/04/2025,Group 1,https://www.dartsatlas.com/matches/MjuMJ3Mziv3O,Robbie Collins,Second,Seb Carvill,2,17,WON,100,60,68,60,139,74,,,,,,,,
Redhill,,,04/04/2025,Group 1,https://www.dartsatlas.com/matches/9NFuGiAeyV6F,KESH Kahsio Dallman,First,Steve Henry,1,36,LOST,83,60,55,9,22,125,40,47,20,20,15,0,,
Redhill,,,04/04/2025,Group 1,https://www.dartsatlas.com/matches/9NFuGiAeyV6F,Steve Henry,Second,KESH Kahsio Dallman,1,36,WON,45,60,45,85,41,81,54,30,20,24,8,8,,
Redhill,,,04/04/2025,Group 1,https://www.dartsatlas.com/matches/9NFuGiAeyV6F,KESH Kahsio Dallman,Second,Steve Henry,2,21,LOST,30,41,100,41,100,41,44,,,,,,,
Redhill,,,04/04/2025,Group 1,https://www.dartsatlas.com/matches/9NFuGiAeyV6F,Steve Henry,First,KESH Kahsio Dallman,2,23,WON,45,100,85,45,81,83,22,40,,,,,,
Redhill,,,04/04/2025,Group 1,https://www.dartsatlas.com/matches/J8IggHkUW9gO,Robbie Collins,First,Craig Cross,1,24,LOST,45,45,100,140,0,41,24,66,,,,,,
Redhill,,,04/04/2025,Group 1,https://www.dartsatlas.com/matches/J8IggHkUW9gO,Craig Cross,Second,Robbie Collins,1,22,WON,32,139,96,44,45,79,34,32,,,,,,
Redhill,,,04/04/2025,Group 1,https://www.dartsatlas.com/matches/J8IggHkUW9gO,Robbie Collins,Second,Craig Cross,2,15,LOST,132,95,140,94,20,,,,,,,,,
Redhill,,,04/04/2025,Group 1,https://www.dartsatlas.com/matches/J8IggHkUW9gO,Craig Cross,First,Robbie Collins,2,17,WON,58,99,81,75,96,92,,,,,,,,
Redhill,,,04/04/2025,Group 1,https://www.dartsatlas.com/matches/11bsYFsnW1vB,Steve Henry,First,Seb Carvill,1,24,WON,129,26,96,125,43,30,12,40,,,,,,
Redhill,,,04/04/2025,Group 1,https://www.dartsatlas.com/matches/11bsYFsnW1vB,Seb Carvill,Second,Steve Henry,1,21,LOST,38,65,47,21,100,41,21,,,,,,,
Redhill,,,04/04/2025,Group 1,https://www.dartsatlas.com/matches/11bsYFsnW1vB,Steve Henry,Second,Seb Carvill,2,26,WON,55,58,45,66,96,31,60,54,36,,,,,
Redhill,,,04/04/2025,Group 1,https://www.dartsatlas.com/matches/11bsYFsnW1vB,Seb Carvill,First,Steve Henry,2,27,LOST,23,22,39,43,9,43,55,26,24,,,,,
Redhill,,,04/04/2025,Group 2,https://www.dartsatlas.com/matches/yoqtWWgzBzlP,James Ralph,First,Paul Upfold,1,15,WON,140,140,60,57,104,,,,,,,,,
Redhill,,,04/04/2025,Group 2,https://www.dartsatlas.com/matches/yoqtWWgzBzlP,Paul Upfold,Second,James Ralph,1,12,LOST,41,60,59,60,,,,,,,,,,
Redhill,,,04/04/2025,Group 2,https://www.dartsatlas.com/matches/yoqtWWgzBzlP,James Ralph,Second,Paul Upfold,2,18,LOST,60,40,60,60,57,60,,,,,,,,
Redhill,,,04/04/2025,Group 2,https://www.dartsatlas.com/matches/yoqtWWgzBzlP,Paul Upfold,First,James Ralph,2,21,WON,31,125,60,85,82,58,60,,,,,,,
Redhill,,,04/04/2025,Group 2,https://www.dartsatlas.com/matches/yoqtWWgzBzlP,James Ralph,First,Paul Upfold,3,18,LOST,80,60,120,26,135,58,,,,,,,,
Redhill,,,04/04/2025,Group 2,https://www.dartsatlas.com/matches/yoqtWWgzBzlP,Paul Upfold,Second,James Ralph,3,17,WON,80,30,95,125,97,74,,,,,,,,
Redhill,,,04/04/2025,Group 2,https://www.dartsatlas.com/matches/KoJJMNZp6BEc,Nicky Jones,Second,Charlie Sutherland,1,15,LOST,140,26,100,125,70,,,,,,,,,
Redhill,,,04/04/2025,Group 2,https://www.dartsatlas.com/matches/KoJJMNZp6BEc,Charlie Sutherland,First,Nicky Jones,1,18,WON,45,58,85,140,133,40,,,,,,,,
Redhill,,,04/04/2025,Group 2,https://www.dartsatlas.com/matches/KoJJMNZp6BEc,Nicky Jones,First,Charlie Sutherland,2,24,LOST,26,60,60,100,100,60,55,20,,,,,,
Redhill,,,04/04/2025,Group 2,https://www.dartsatlas.com/matches/KoJJMNZp6BEc,Charlie Sutherland,Second,Nicky Jones,2,24,WON,100,45,40,41,87,58,42,88,,,,,,
Redhill,,,04/04/2025,Group 2,https://www.dartsatlas.com/matches/l0URigmbH2hs,Phil Amos,Second,James Ralph,1,18,LOST,60,49,61,22,45,97,,,,,,,,
Redhill,,,04/04/2025,Group 2,https://www.dartsatlas.com/matches/l0URigmbH2hs,James Ralph,First,Phil Amos,1,21,WON,59,60,45,43,85,137,72,,,,,,,
Redhill,,,04/04/2025,Group 2,https://www.dartsatlas.com/matches/l0URigmbH2hs,Phil Amos,First,James Ralph,2,30,LOST,80,45,30,44,35,41,76,81,37,16,,,,
Redhill,,,04/04/2025,Group 2,https://www.dartsatlas.com/matches/l0URigmbH2hs,James Ralph,Second,Phil Amos,2,28,WON,45,60,60,96,22,28,40,22,88,40,,,,
Redhill,,,04/04/2025,Group 2,https://www.dartsatlas.com/matches/YTeqHOmTBZgk,Paul Upfold,First,Nicky Jones,1,21,LOST,60,70,100,81,60,34,56,,,,,,,
Redhill,,,04/04/2025,Group 2,https://www.dartsatlas.com/matches/YTeqHOmTBZgk,Nicky Jones,Second,Paul Upfold,1,21,WON,66,68,100,41,60,105,61,,,,,,,
Redhill,,,04/04/2025,Group 2,https://www.dartsatlas.com/matches/YTeqHOmTBZgk,Paul Upfold,Second,Nicky Jones,2,18,WON,100,25,99,100,100,77,,,,,,,,
Redhill,,,04/04/2025,Group 2,https://www.dartsatlas.com/matches/YTeqHOmTBZgk,Nicky Jones,First,Paul Upfold,2,18,LOST,85,60,40,40,60,140,,,,,,,,
Redhill,,,04/04/2025,Group 2,https://www.dartsatlas.com/matches/YTeqHOmTBZgk,Paul Upfold,First,Nicky Jones,3,24,LOST,58,27,45,70,94,29,98,40,,,,,,
Redhill,,,04/04/2025,Group 2,https://www.dartsatlas.com/matches/YTeqHOmTBZgk,Nicky Jones,Second,Paul Upfold,3,22,WON,60,100,60,85,60,55,57,24,,,,,,
Redhill,,,04/04/2025,Group 2,https://www.dartsatlas.com/matches/1sgC187NWZ6N,Charlie Sutherland,Second,Phil Amos,1,19,WON,100,100,60,81,88,52,20,,,,,,,
Redhill,,,04/04/2025,Group 2,https://www.dartsatlas.com/matches/1sgC187NWZ6N,Phil Amos,First,Charlie Sutherland,1,21,LOST,26,45,6,140,30,26,59,,,,,,,
Redhill,,,04/04/2025,Group 2,https://www.dartsatlas.com/matches/1sgC187NWZ6N,Charlie Sutherland,First,Phil Amos,2,21,WON,45,61,39,99,58,95,104,,,,,,,
Redhill,,,04/04/2025,Group 2,https://www.dartsatlas.com/matches/1sgC187NWZ6N,Phil Amos,Second,Charlie Sutherland,2,18,LOST,61,68,70,30,42,26,,,,,,,,
Redhill,,,04/04/2025,Group 2,https://www.dartsatlas.com/matches/6xnccGccHIQV,James Ralph,Second,Nicky Jones,1,15,LOST,41,100,120,40,83,,,,,,,,,
Redhill,,,04/04/2025,Group 2,https://www.dartsatlas.com/matches/6xnccGccHIQV,Nicky Jones,First,James Ralph,1,16,WON,96,60,86,137,82,40,,,,,,,,
Redhill,,,04/04/2025,Group 2,https://www.dartsatlas.com/matches/6xnccGccHIQV,James Ralph,First,Nicky Jones,2,21,LOST,60,60,85,60,100,44,52,,,,,,,
Redhill,,,04/04/2025,Group 2,https://www.dartsatlas.com/matches/6xnccGccHIQV,Nicky Jones,Second,James Ralph,2,19,WON,45,83,80,100,60,97,36,,,,,,,
Redhill,,,04/04/2025,Group 2,https://www.dartsatlas.com/matches/j7g7R9k1of4w,Paul Upfold,Second,Charlie Sutherland,1,21,LOST,42,84,100,43,17,99,60,,,,,,,
Redhill,,,04/04/2025,Group 2,https://www.dartsatlas.com/matches/j7g7R9k1of4w,Charlie Sutherland,First,Paul Upfold,1,24,WON,140,96,58,58,40,85,0,24,,,,,,
Redhill,,,04/04/2025,Group 2,https://www.dartsatlas.com/matches/j7g7R9k1of4w,Paul Upfold,First,Charlie Sutherland,2,27,LOST,46,45,59,100,45,45,28,59,38,,,,,
Redhill,,,04/04/2025,Group 2,https://www.dartsatlas.com/matches/j7g7R9k1of4w,Charlie Sutherland,Second,Paul Upfold,2,27,WON,100,100,42,80,43,27,37,32,40,,,,,
Redhill,,,04/04/2025,Group 2,https://www.dartsatlas.com/matches/ejUFmAGmnh2U,Nicky Jones,Second,Phil Amos,1,18,WON,45,123,60,100,60,113,,,,,,,,
Redhill,,,04/04/2025,Group 2,https://www.dartsatlas.com/matches/ejUFmAGmnh2U,Phil Amos,First,Nicky Jones,1,18,LOST,43,41,135,30,45,43,,,,,,,,
Redhill,,,04/04/2025,Group 2,https://www.dartsatlas.com/matches/ejUFmAGmnh2U,Nicky Jones,First,Phil Amos,2,26,WON,125,60,140,100,36,30,5,0,5,,,,,
Redhill,,,04/04/2025,Group 2,https://www.dartsatlas.com/matches/ejUFmAGmnh2U,Phil Amos,Second,Nicky Jones,2,24,LOST,41,60,45,26,92,33,11,96,,,,,,
Redhill,,,04/04/2025,Group 2,https://www.dartsatlas.com/matches/7uN9kGUuPWxt,Charlie Sutherland,First,James Ralph,1,18,LOST,100,95,77,43,28,6,,,,,,,,
Redhill,,,04/04/2025,Group 2,https://www.dartsatlas.com/matches/7uN9kGUuPWxt,James Ralph,Second,Charlie Sutherland,1,18,WON,85,40,100,85,137,54,,,,,,,,
Redhill,,,04/04/2025,Group 2,https://www.dartsatlas.com/matches/7uN9kGUuPWxt,Charlie Sutherland,Second,James Ralph,2,21,LOST,85,60,96,41,71,48,40,,,,,,,
Redhill,,,04/04/2025,Group 2,https://www.dartsatlas.com/matches/7uN9kGUuPWxt,James Ralph,First,Charlie Sutherland,2,24,WON,45,100,140,42,98,36,20,20,,,,,,
Redhill,,,04/04/2025,Group 2,https://www.dartsatlas.com/matches/5E8ydVHHuJVR,Phil Amos,Second,Paul Upfold,1,18,LOST,45,66,11,15,41,41,,,,,,,,
Redhill,,,04/04/2025,Group 2,https://www.dartsatlas.com/matches/5E8ydVHHuJVR,Paul Upfold,First,Phil Amos,1,19,WON,73,81,180,45,82,0,40,,,,,,,
Redhill,,,04/04/2025,Group 2,https://www.dartsatlas.com/matches/5E8ydVHHuJVR,Phil Amos,First,Paul Upfold,2,18,LOST,46,41,58,81,60,45,,,,,,,,
Redhill,,,04/04/2025,Group 2,https://www.dartsatlas.com/matches/5E8ydVHHuJVR,Paul Upfold,Second,Phil Amos,2,18,WON,87,85,99,60,98,72,,,,,,,,
Redhill,,,04/04/2025,Group 3,https://www.dartsatlas.com/matches/UfCKnTn8VZA2,Josh Blore,First,Michael Lawrence,1,24,WON,28,41,135,90,61,22,41,83,,,,,,
Redhill,,,04/04/2025,Group 3,https://www.dartsatlas.com/matches/UfCKnTn8VZA2,Michael Lawrence,Second,Josh Blore,1,21,LOST,78,60,59,41,59,31,121,,,,,,,
Redhill,,,04/04/2025,Group 3,https://www.dartsatlas.com/matches/UfCKnTn8VZA2,Josh Blore,Second,Michael Lawrence,2,31,WON,60,60,40,41,100,30,27,89,41,9,4,,,
Redhill,,,04/04/2025,Group 3,https://www.dartsatlas.com/matches/UfCKnTn8VZA2,Michael Lawrence,First,Josh Blore,2,33,LOST,100,93,55,26,26,22,45,65,33,0,18,,,
Redhill,,,04/04/2025,Group 3,https://www.dartsatlas.com/matches/fie1fxdnGdf7,Shane Edwards,First,Jono Harding,1,19,WON,41,100,60,140,88,48,24,,,,,,,
Redhill,,,04/04/2025,Group 3,https://www.dartsatlas.com/matches/fie1fxdnGdf7,Jono Harding,Second,Shane Edwards,1,18,LOST,83,51,26,33,24,41,,,,,,,,
Redhill,,,04/04/2025,Group 3,https://www.dartsatlas.com/matches/fie1fxdnGdf7,Shane Edwards,Second,Jono Harding,2,27,WON,45,23,100,47,42,43,57,54,90,,,,,
Redhill,,,04/04/2025,Group 3,https://www.dartsatlas.com/matches/fie1fxdnGdf7,Jono Harding,First,Shane Edwards,2,27,LOST,58,24,45,24,5,61,60,60,44,,,,,
Redhill,,,04/04/2025,Group 3,https://www.dartsatlas.com/matches/iBihUslElGzM,Charlie Hardie,Second,Josh Blore,1,31,WON,40,40,39,39,99,60,60,44,0,40,40,,,
Redhill,,,04/04/2025,Group 3,https://www.dartsatlas.com/matches/iBihUslElGzM,Josh Blore,First,Charlie Hardie,1,33,LOST,58,100,135,72,96,35,3,0,0,0,0,,,
Redhill,,,04/04/2025,Group 3,https://www.dartsatlas.com/matches/iBihUslElGzM,Charlie Hardie,First,Josh Blore,2,18,LOST,40,59,100,41,60,41,,,,,,,,
Redhill,,,04/04/2025,Group 3,https://www.dartsatlas.com/matches/iBihUslElGzM,Josh Blore,Second,Charlie Hardie,2,18,WON,18,60,85,140,125,73,,,,,,,,
Redhill,,,04/04/2025,Group 3,https://www.dartsatlas.com/matches/iBihUslElGzM,Charlie Hardie,Second,Josh Blore,3,21,LOST,43,47,41,59,32,29,41,,,,,,,
Redhill,,,04/04/2025,Group 3,https://www.dartsatlas.com/matches/iBihUslElGzM,Josh Blore,First,Charlie Hardie,3,22,WON,78,26,180,60,61,18,54,24,,,,,,
Redhill,,,04/04/2025,Group 3,https://www.dartsatlas.com/matches/k3pQeYEdW48f,Michael Lawrence,Second,Shane Edwards,1,18,LOST,57,83,41,13,41,23,,,,,,,,
Redhill,,,04/04/2025,Group 3,https://www.dartsatlas.com/matches/k3pQeYEdW48f,Shane Edwards,First,Michael Lawrence,1,20,WON,97,120,40,58,134,12,40,,,,,,,
Redhill,,,04/04/2025,Group 3,https://www.dartsatlas.com/matches/k3pQeYEdW48f,Michael Lawrence,First,Shane Edwards,2,15,LOST,85,100,45,49,16,,,,,,,,,
Redhill,,,04/04/2025,Group 3,https://www.dartsatlas.com/matches/k3pQeYEdW48f,Shane Edwards,Second,Michael Lawrence,2,15,WON,100,140,91,137,33,,,,,,,,,
Redhill,,,04/04/2025,Group 3,https://www.dartsatlas.com/matches/HASqkThHPnf9,Jono Harding,Second,Charlie Hardie,1,24,WON,26,81,98,21,100,46,59,70,,,,,,
Redhill,,,04/04/2025,Group 3,https://www.dartsatlas.com/matches/HASqkThHPnf9,Charlie Hardie,First,Jono Harding,1,24,LOST,55,11,44,31,26,82,60,100,,,,,,
Redhill,,,04/04/2025,Group 3,https://www.dartsatlas.com/matches/HASqkThHPnf9,Jono Harding,First,Charlie Hardie,2,33,LOST,58,26,11,27,58,35,24,22,55,25,45,,,
Redhill,,,04/04/2025,Group 3,https://www.dartsatlas.com/matches/HASqkThHPnf9,Charlie Hardie,Second,Jono Harding,2,31,WON,40,43,41,60,60,55,100,37,25,0,40,,,
Redhill,,,04/04/2025,Group 3,https://www.dartsatlas.com/matches/HASqkThHPnf9,Jono Harding,Second,Charlie Hardie,3,30,LOST,81,25,60,41,100,61,39,6,24,32,,,,
Redhill,,,04/04/2025,Group 3,https://www.dartsatlas.com/matches/HASqkThHPnf9,Charlie Hardie,First,Jono Harding,3,31,WON,100,45,41,100,40,95,75,0,3,0,2,,,
Redhill,,,04/04/2025,Group 3,https://www.dartsatlas.com/matches/mOmneGXslFww,Josh Blore,First,Shane Edwards,1,24,LOST,45,97,45,60,43,28,11,80,,,,,,
Redhill,,,04/04/2025,Group 3,https://www.dartsatlas.com/matches/mOmneGXslFww,Shane Edwards,Second,Josh Blore,1,24,WON,60,97,140,43,57,68,27,9,,,,,,
Redhill,,,04/04/2025,Group 3,https://www.dartsatlas.com/matches/mOmneGXslFww,Josh Blore,Second,Shane Edwards,2,18,LOST,100,125,45,24,44,28,,,,,,,,
Redhill,,,04/04/2025,Group 3,https://www.dartsatlas.com/matches/mOmneGXslFww,Shane Edwards,First,Josh Blore,2,20,WON,180,100,60,137,0,18,6,,,,,,,
Redhill,,,04/04/2025,Group 3,https://www.dartsatlas.com/matches/Na4DUiBBA0GM,Michael Lawrence,Second,Jono Harding,1,23,WON,45,97,58,45,60,134,15,47,,,,,,
Redhill,,,04/04/2025,Group 3,https://www.dartsatlas.com/matches/Na4DUiBBA0GM,Jono Harding,First,Michael Lawrence,1,24,LOST,26,81,70,45,21,45,41,25,,,,,,
Redhill,,,04/04/2025,Group 3,https://www.dartsatlas.com/matches/Na4DUiBBA0GM,Michael Lawrence,First,Jono Harding,2,37,WON,45,29,37,41,41,45,125,38,80,10,0,0,10,
Redhill,,,04/04/2025,Group 3,https://www.dartsatlas.com/matches/Na4DUiBBA0GM,Jono Harding,Second,Michael Lawrence,2,36,LOST,81,41,55,26,22,96,22,60,32,50,0,8,,
Redhill,,,04/04/2025,Group 3,https://www.dartsatlas.com/matches/eF0zLBI9sr0I,Shane Edwards,First,Charlie Hardie,1,18,WON,100,100,60,134,35,72,,,,,,,,
Redhill,,,04/04/2025,Group 3,https://www.dartsatlas.com/matches/eF0zLBI9sr0I,Charlie Hardie,Second,Shane Edwards,1,15,LOST,45,100,81,80,95,,,,,,,,,
Redhill,,,04/04/2025,Group 3,https://www.dartsatlas.com/matches/eF0zLBI9sr0I,Shane Edwards,Second,Charlie Hardie,2,23,WON,45,58,125,57,140,36,35,5,,,,,,
Redhill,,,04/04/2025,Group 3,https://www.dartsatlas.com/matches/eF0zLBI9sr0I,Charlie Hardie,First,Shane Edwards,2,24,LOST,45,100,41,41,60,40,58,27,,,,,,
Redhill,,,04/04/2025,Group 3,https://www.dartsatlas.com/matches/JEQ5qdGTiyWx,Jono Harding,Second,Josh Blore,1,24,LOST,140,41,26,26,101,22,12,9,,,,,,
Redhill,,,04/04/2025,Group 3,https://www.dartsatlas.com/matches/JEQ5qdGTiyWx,Josh Blore,First,Jono Harding,1,25,WON,140,45,100,42,134,20,0,0,20,,,,,
Redhill,,,04/04/2025,Group 3,https://www.dartsatlas.com/matches/JEQ5qdGTiyWx,Jono Harding,First,Josh Blore,2,27,LOST,85,24,45,41,22,98,44,70,36,,,,,
Redhill,,,04/04/2025,Group 3,https://www.dartsatlas.com/matches/JEQ5qdGTiyWx,Josh Blore,Second,Jono Harding,2,25,WON,99,22,100,60,64,120,32,0,4,,,,,
Redhill,,,04/04/2025,Group 3,https://www.dartsatlas.com/matches/IjaTPDzXYNS2,Charlie Hardie,Second,Michael Lawrence,1,21,LOST,40,40,140,100,68,105,4,,,,,,,
Redhill,,,04/04/2025,Group 3,https://www.dartsatlas.com/matches/IjaTPDzXYNS2,Michael Lawrence,First,Charlie Hardie,1,24,WON,36,125,85,45,30,56,79,45,,,,,,
Redhill,,,04/04/2025,Group 3,https://www.dartsatlas.com/matches/IjaTPDzXYNS2,Charlie Hardie,First,Michael Lawrence,2,35,WON,11,28,60,60,60,41,61,41,27,60,12,40,,
Redhill,,,04/04/2025,Group 3,https://www.dartsatlas.com/matches/IjaTPDzXYNS2,Michael Lawrence,Second,Charlie Hardie,2,33,LOST,83,96,45,55,8,58,41,35,40,20,10,,,
Redhill,,,04/04/2025,Group 3,https://www.dartsatlas.com/matches/IjaTPDzXYNS2,Charlie Hardie,Second,Michael Lawrence,3,33,LOST,81,60,43,80,45,78,58,16,20,10,6,,,
Redhill,,,04/04/2025,Group 3,https://www.dartsatlas.com/matches/IjaTPDzXYNS2,Michael Lawrence,First,Charlie Hardie,3,35,WON,140,64,38,45,39,21,69,75,0,6,2,2,,
Redhill,,,04/04/2025,Group 4,https://www.dartsatlas.com/matches/6Wo6RkTKtafP,John Green,First,Joe Toy,1,26,WON,26,85,45,24,60,60,100,54,47,,,,,
Redhill,,,04/04/2025,Group 4,https://www.dartsatlas.com/matches/6Wo6RkTKtafP,Joe Toy,Second,John Green,1,24,LOST,68,43,43,28,25,38,21,130,,,,,,
Redhill,,,04/04/2025,Group 4,https://www.dartsatlas.com/matches/6Wo6RkTKtafP,John Green,Second,Joe Toy,2,24,LOST,26,55,43,60,83,100,26,92,,,,,,
Redhill,,,04/04/2025,Group 4,https://www.dartsatlas.com/matches/6Wo6RkTKtafP,Joe Toy,First,John Green,2,25,WON,85,52,32,60,30,100,100,24,18,,,,,
Redhill,,,04/04/2025,Group 4,https://www.dartsatlas.com/matches/6Wo6RkTKtafP,John Green,First,Joe Toy,3,21,WON,100,60,45,78,55,97,66,,,,,,,
Redhill,,,04/04/2025,Group 4,https://www.dartsatlas.com/matches/6Wo6RkTKtafP,Joe Toy,Second,John Green,3,18,LOST,76,55,50,22,40,44,,,,,,,,
Redhill,,,04/04/2025,Group 4,https://www.dartsatlas.com/matches/9D1NLzK3UDJn,Sam Belcher,First,Kean Evans,1,24,WON,81,60,81,100,47,0,82,50,,,,,,
Redhill,,,04/04/2025,Group 4,https://www.dartsatlas.com/matches/9D1NLzK3UDJn,Kean Evans,Second,Sam Belcher,1,21,LOST,70,100,61,100,60,40,18,,,,,,,
Redhill,,,04/04/2025,Group 4,https://www.dartsatlas.com/matches/9D1NLzK3UDJn,Sam Belcher,Second,Kean Evans,2,24,LOST,45,45,84,60,123,60,58,14,,,,,,
Redhill,,,04/04/2025,Group 4,https://www.dartsatlas.com/matches/9D1NLzK3UDJn,Kean Evans,First,Sam Belcher,2,26,WON,93,100,68,44,140,38,0,0,18,,,,,
Redhill,,,04/04/2025,Group 4,https://www.dartsatlas.com/matches/9D1NLzK3UDJn,Sam Belcher,First,Kean Evans,3,31,WON,55,57,45,100,40,45,59,40,0,20,40,,,
Redhill,,,04/04/2025,Group 4,https://www.dartsatlas.com/matches/9D1NLzK3UDJn,Kean Evans,Second,Sam Belcher,3,30,LOST,62,41,60,45,78,60,60,43,44,4,,,,
Redhill,,,04/04/2025,Group 4,https://www.dartsatlas.com/matches/lTzd0aDc7U6v,Damien Olver,Second,John Green,1,21,LOST,34,140,45,22,100,40,64,,,,,,,
Redhill,,,04/04/2025,Group 4,https://www.dartsatlas.com/matches/lTzd0aDc7U6v,John Green,First,Damien Olver,1,24,WON,85,99,41,52,30,36,92,66,,,,,,
Redhill,,,04/04/2025,Group 4,https://www.dartsatlas.com/matches/lTzd0aDc7U6v,Damien Olver,First,John Green,2,27,LOST,41,60,81,41,40,100,44,74,16,,,,,
Redhill,,,04/04/2025,Group 4,https://www.dartsatlas.com/matches/lTzd0aDc7U6v,John Green,Second,Damien Olver,2,27,WON,60,60,7,85,85,40,69,39,56,,,,,
Redhill,,,04/04/2025,Group 4,https://www.dartsatlas.com/matches/nnE7bMWdhFOa,Joe Toy,Second,Sam Belcher,1,27,LOST,25,41,35,61,56,41,3,17,64,,,,,
Redhill,,,04/04/2025,Group 4,https://www.dartsatlas.com/matches/nnE7bMWdhFOa,Sam Belcher,First,Joe Toy,1,28,WON,40,40,100,32,80,41,43,85,32,8,,,,
Redhill,,,04/04/2025,Group 4,https://www.dartsatlas.com/matches/nnE7bMWdhFOa,Joe Toy,First,Sam Belcher,2,27,LOST,20,57,37,32,77,61,26,45,126,,,,,
Redhill,,,04/04/2025,Group 4,https://www.dartsatlas.com/matches/nnE7bMWdhFOa,Sam Belcher,Second,Joe Toy,2,26,WON,60,81,42,45,100,59,60,34,20,,,,,
Redhill,,,04/04/2025,Group 4,https://www.dartsatlas.com/matches/YW9lFcFdS71O,Kean Evans,First,Damien Olver,1,21,LOST,41,101,85,62,80,64,0,,,,,,,
Redhill,,,04/04/2025,Group 4,https://www.dartsatlas.com/matches/YW9lFcFdS71O,Damien Olver,Second,Kean Evans,1,21,WON,26,65,140,41,26,81,122,,,,,,,
Redhill,,,04/04/2025,Group 4,https://www.dartsatlas.com/matches/YW9lFcFdS71O,Kean Evans,Second,Damien Olver,2,21,WON,140,96,60,85,45,41,34,,,,,,,
Redhill,,,04/04/2025,Group 4,https://www.dartsatlas.com/matches/YW9lFcFdS71O,Damien Olver,First,Kean Evans,2,21,LOST,60,22,60,140,60,79,40,,,,,,,
Redhill,,,04/04/2025,Group 4,https://www.dartsatlas.com/matches/YW9lFcFdS71O,Kean Evans,First,Damien Olver,3,24,LOST,100,100,45,40,5,58,99,22,,,,,,
Redhill,,,04/04/2025,Group 4,https://www.dartsatlas.com/matches/YW9lFcFdS71O,Damien Olver,Second,Kean Evans,3,24,WON,45,26,55,60,95,64,140,16,,,,,,
Redhill,,,04/04/2025,Group 4,https://www.dartsatlas.com/matches/y3YLIZVRGduT,John Green,Second,Sam Belcher,1,24,LOST,41,30,80,41,95,81,55,38,,,,,,
Redhill,,,04/04/2025,Group 4,https://www.dartsatlas.com/matches/y3YLIZVRGduT,Sam Belcher,First,John Green,1,27,WON,100,40,47,24,45,60,60,65,60,,,,,
Redhill,,,04/04/2025,Group 4,https://www.dartsatlas.com/matches/y3YLIZVRGduT,John Green,First,Sam Belcher,2,21,LOST,40,68,100,100,47,26,78,,,,,,,
Redhill,,,04/04/2025,Group 4,https://www.dartsatlas.com/matches/y3YLIZVRGduT,Sam Belcher,Second,John Green,2,21,WON,100,41,47,85,81,59,88,,,,,,,
Redhill,,,04/04/2025,Group 4,https://www.dartsatlas.com/matches/AaAWfXPK9B9e,Joe Toy,Second,Kean Evans,1,24,LOST,81,28,60,26,28,30,43,44,,,,,,
Redhill,,,04/04/2025,Group 4,https://www.dartsatlas.com/matches/AaAWfXPK9B9e,Kean Evans,First,Joe Toy,1,26,WON,85,41,57,60,34,100,44,26,54,,,,,
Redhill,,,04/04/2025,Group 4,https://www.dartsatlas.com/matches/AaAWfXPK9B9e,Joe Toy,First,Kean Evans,2,40,WON,41,45,41,17,81,41,25,60,40,40,0,38,16,16
Redhill,,,04/04/2025,Group 4,https://www.dartsatlas.com/matches/AaAWfXPK9B9e,Kean Evans,Second,Joe Toy,2,39,LOST,77,100,60,60,100,42,26,8,14,0,0,0,7,
Redhill,,,04/04/2025,Group 4,https://www.dartsatlas.com/matches/AaAWfXPK9B9e,Joe Toy,Second,Kean Evans,3,36,WON,28,60,40,67,91,59,21,39,78,0,9,9,,
Redhill,,,04/04/2025,Group 4,https://www.dartsatlas.com/matches/AaAWfXPK9B9e,Kean Evans,First,Joe Toy,3,36,LOST,85,45,40,95,41,43,60,70,0,8,0,0,,
Redhill,,,04/04/2025,Group 4,https://www.dartsatlas.com/matches/pM1ITDeqZrPg,Sam Belcher,First,Damien Olver,1,19,WON,59,60,60,100,100,84,38,,,,,,,
Redhill,,,04/04/2025,Group 4,https://www.dartsatlas.com/matches/pM1ITDeqZrPg,Damien Olver,Second,Sam Belcher,1,18,LOST,85,60,60,85,27,140,,,,,,,,
Redhill,,,04/04/2025,Group 4,https://www.dartsatlas.com/matches/pM1ITDeqZrPg,Sam Belcher,Second,Damien Olver,2,12,LOST,60,60,28,95,,,,,,,,,,
Redhill,,,04/04/2025,Group 4,https://www.dartsatlas.com/matches/pM1ITDeqZrPg,Damien Olver,First,Sam Belcher,2,14,WON,95,100,180,76,50,,,,,,,,,
Redhill,,,04/04/2025,Group 4,https://www.dartsatlas.com/matches/pM1ITDeqZrPg,Sam Belcher,First,Damien Olver,3,28,WON,41,43,100,60,60,39,100,48,0,10,,,,
Redhill,,,04/04/2025,Group 4,https://www.dartsatlas.com/matches/pM1ITDeqZrPg,Damien Olver,Second,Sam Belcher,3,27,LOST,60,30,81,60,11,59,100,42,18,,,,,
Redhill,,,04/04/2025,Group 4,https://www.dartsatlas.com/matches/LbTmXNhfkyjJ,Kean Evans,First,John Green,1,24,WON,40,81,140,59,28,60,53,40,,,,,,
Redhill,,,04/04/2025,Group 4,https://www.dartsatlas.com/matches/LbTmXNhfkyjJ,John Green,Second,Kean Evans,1,21,LOST,68,30,81,81,81,55,65,,,,,,,
Redhill,,,04/04/2025,Group 4,https://www.dartsatlas.com/matches/LbTmXNhfkyjJ,Kean Evans,Second,John Green,2,18,LOST,57,36,60,41,41,41,,,,,,,,
Redhill,,,04/04/2025,Group 4,https://www.dartsatlas.com/matches/LbTmXNhfkyjJ,John Green,First,Kean Evans,2,21,WON,85,100,30,90,100,72,24,,,,,,,
Redhill,,,04/04/2025,Group 4,https://www.dartsatlas.com/matches/LbTmXNhfkyjJ,Kean Evans,First,John Green,3,27,LOST,138,26,100,81,32,56,52,8,0,,,,,
Redhill,,,04/04/2025,Group 4,https://www.dartsatlas.com/matches/LbTmXNhfkyjJ,John Green,Second,Kean Evans,3,26,WON,60,100,60,21,85,52,83,8,32,,,,,
Redhill,,,04/04/2025,Group 4,https://www.dartsatlas.com/matches/cBElwKrtugQe,Damien Olver,First,Joe Toy,1,26,WON,85,41,30,41,38,125,109,0,32,,,,,
Redhill,,,04/04/2025,Group 4,https://www.dartsatlas.com/matches/cBElwKrtugQe,Joe Toy,Second,Damien Olver,1,24,LOST,43,85,22,45,42,41,14,25,,,,,,
Redhill,,,04/04/2025,Group 4,https://www.dartsatlas.com/matches/cBElwKrtugQe,Damien Olver,Second,Joe Toy,2,28,WON,140,81,41,41,40,38,78,26,12,4,,,,
Redhill,,,04/04/2025,Group 4,https://www.dartsatlas.com/matches/cBElwKrtugQe,Joe Toy,First,Damien Olver,2,30,LOST,55,66,39,36,24,33,44,9,41,60,,,,
Redhill,,,04/04/2025,Group 5,https://www.dartsatlas.com/matches/MYb1hxMRdELm,Aidan Oliver,Second,Bradley OConnor,1,21,LOST,58,77,58,100,43,41,42,,,,,,,
Redhill,,,04/04/2025,Group 5,https://www.dartsatlas.com/matches/MYb1hxMRdELm,Bradley OConnor,First,Aidan Oliver,1,23,WON,45,44,25,140,100,32,95,20,,,,,,
Redhill,,,04/04/2025,Group 5,https://www.dartsatlas.com/matches/MYb1hxMRdELm,Aidan Oliver,First,Bradley OConnor,2,15,LOST,40,98,24,40,54,,,,,,,,,
Redhill,,,04/04/2025,Group 5,https://www.dartsatlas.com/matches/MYb1hxMRdELm,Bradley OConnor,Second,Aidan Oliver,2,13,WON,135,180,126,40,20,,,,,,,,,
Redhill,,,04/04/2025,Group 5,https://www.dartsatlas.com/matches/Dv8nFC06ZAbH,Ryan O’Neill,First,Charlie Green,1,27,LOST,26,140,20,47,98,53,111,4,0,,,,,
Redhill,,,04/04/2025,Group 5,https://www.dartsatlas.com/matches/Dv8nFC06ZAbH,Charlie Green,Second,Ryan O’Neill,1,27,WON,43,24,20,96,58,60,42,98,60,,,,,
Redhill,,,04/04/2025,Group 5,https://www.dartsatlas.com/matches/Dv8nFC06ZAbH,Ryan O’Neill,Second,Charlie Green,2,18,LOST,87,75,20,100,25,44,,,,,,,,
Redhill,,,04/04/2025,Group 5,https://www.dartsatlas.com/matches/Dv8nFC06ZAbH,Charlie Green,First,Ryan O’Neill,2,21,WON,96,58,140,81,54,32,40,,,,,,,
Redhill,,,04/04/2025,Group 5,https://www.dartsatlas.com/matches/CoJoll1mScqV,Ryan Cross,Second,Aidan Oliver,1,20,WON,60,99,88,74,54,58,68,,,,,,,
Redhill,,,04/04/2025,Group 5,https://www.dartsatlas.com/matches/CoJoll1mScqV,Aidan Oliver,First,Ryan Cross,1,21,LOST,59,45,60,180,41,26,42,,,,,,,
Redhill,,,04/04/2025,Group 5,https://www.dartsatlas.com/matches/CoJoll1mScqV,Ryan Cross,First,Aidan Oliver,2,24,LOST,90,42,99,43,39,84,54,0,,,,,,
Redhill,,,04/04/2025,Group 5,https://www.dartsatlas.com/matches/CoJoll1mScqV,Aidan Oliver,Second,Ryan Cross,2,22,WON,26,29,121,83,81,80,41,40,,,,,,
Redhill,,,04/04/2025,Group 5,https://www.dartsatlas.com/matches/CoJoll1mScqV,Ryan Cross,Second,Aidan Oliver,3,18,WON,59,66,134,79,81,82,,,,,,,,
Redhill,,,04/04/2025,Group 5,https://www.dartsatlas.com/matches/CoJoll1mScqV,Aidan Oliver,First,Ryan Cross,3,18,LOST,41,86,58,60,121,57,,,,,,,,
Redhill,,,04/04/2025,Group 5,https://www.dartsatlas.com/matches/Aaa28aKGCL42,Bradley OConnor,First,Ryan O’Neill,1,19,WON,54,90,180,70,32,55,20,,,,,,,
Redhill,,,04/04/2025,Group 5,https://www.dartsatlas.com/matches/Aaa28aKGCL42,Ryan O’Neill,Second,Bradley OConnor,1,18,LOST,60,121,28,13,21,52,,,,,,,,
Redhill,,,04/04/2025,Group 5,https://www.dartsatlas.com/matches/Aaa28aKGCL42,Bradley OConnor,Second,Ryan O’Neill,2,23,WON,80,85,45,61,90,82,38,20,,,,,,
Redhill,,,04/04/2025,Group 5,https://www.dartsatlas.com/matches/Aaa28aKGCL42,Ryan O’Neill,First,Bradley OConnor,2,24,LOST,60,21,13,85,100,24,32,60,,,,,,
Redhill,,,04/04/2025,Group 5,https://www.dartsatlas.com/matches/ve5hxa7Ib6mE,Charlie Green,First,Ryan Cross,1,17,WON,60,100,140,58,93,50,,,,,,,,
Redhill,,,04/04/2025,Group 5,https://www.dartsatlas.com/matches/ve5hxa7Ib6mE,Ryan Cross,Second,Charlie Green,1,15,LOST,66,98,28,85,44,,,,,,,,,
Redhill,,,04/04/2025,Group 5,https://www.dartsatlas.com/matches/ve5hxa7Ib6mE,Charlie Green,Second,Ryan Cross,2,18,LOST,59,123,59,60,81,40,,,,,,,,
Redhill,,,04/04/2025,Group 5,https://www.dartsatlas.com/matches/ve5hxa7Ib6mE,Ryan Cross,First,Charlie Green,2,20,WON,92,100,140,82,41,28,18,,,,,,,
Redhill,,,04/04/2025,Group 5,https://www.dartsatlas.com/matches/ve5hxa7Ib6mE,Charlie Green,First,Ryan Cross,3,18,WON,177,120,40,60,88,16,,,,,,,,
Redhill,,,04/04/2025,Group 5,https://www.dartsatlas.com/matches/ve5hxa7Ib6mE,Ryan Cross,Second,Charlie Green,3,15,LOST,99,60,30,52,95,,,,,,,,,
Redhill,,,04/04/2025,Group 5,https://www.dartsatlas.com/matches/8SomggZuc2cP,Aidan Oliver,First,Ryan O’Neill,1,24,WON,140,41,60,140,60,40,0,20,,,,,,
Redhill,,,04/04/2025,Group 5,https://www.dartsatlas.com/matches/8SomggZuc2cP,Ryan O’Neill,Second,Aidan Oliver,1,21,LOST,40,40,100,85,40,60,36,,,,,,,
Redhill,,,04/04/2025,Group 5,https://www.dartsatlas.com/matches/8SomggZuc2cP,Aidan Oliver,Second,Ryan O’Neill,2,27,WON,27,58,96,95,57,95,33,20,20,,,,,
Redhill,,,04/04/2025,Group 5,https://www.dartsatlas.com/matches/8SomggZuc2cP,Ryan O’Neill,First,Aidan Oliver,2,27,LOST,140,66,100,45,85,25,26,7,0,,,,,
Redhill,,,04/04/2025,Group 5,https://www.dartsatlas.com/matches/7WoPPb5jPVHu,Bradley OConnor,First,Charlie Green,1,25,WON,60,66,59,58,135,91,16,0,16,,,,,
Redhill,,,04/04/2025,Group 5,https://www.dartsatlas.com/matches/7WoPPb5jPVHu,Charlie Green,Second,Bradley OConnor,1,24,LOST,97,41,40,59,28,140,56,24,,,,,,
Redhill,,,04/04/2025,Group 5,https://www.dartsatlas.com/matches/7WoPPb5jPVHu,Bradley OConnor,Second,Charlie Green,2,24,LOST,82,60,85,96,58,11,57,36,,,,,,
Redhill,,,04/04/2025,Group 5,https://www.dartsatlas.com/matches/7WoPPb5jPVHu,Charlie Green,First,Bradley OConnor,2,26,WON,58,87,76,100,40,60,45,27,8,,,,,
Redhill,,,04/04/2025,Group 5,https://www.dartsatlas.com/matches/7WoPPb5jPVHu,Bradley OConnor,First,Charlie Green,3,22,WON,46,135,31,180,49,34,0,26,,,,,,
Redhill,,,04/04/2025,Group 5,https://www.dartsatlas.com/matches/7WoPPb5jPVHu,Charlie Green,Second,Bradley OConnor,3,21,LOST,58,86,100,80,45,78,34,,,,,,,
Redhill,,,04/04/2025,Group 5,https://www.dartsatlas.com/matches/LDVfM4s695hE,Ryan O’Neill,Second,Ryan Cross,1,30,LOST,60,43,41,50,80,38,28,22,43,24,,,,
Redhill,,,04/04/2025,Group 5,https://www.dartsatlas.com/matches/LDVfM4s695hE,Ryan Cross,First,Ryan O’Neill,1,33,WON,84,84,100,43,60,28,84,14,0,0,4,,,
Redhill,,,04/04/2025,Group 5,https://www.dartsatlas.com/matches/LDVfM4s695hE,Ryan O’Neill,First,Ryan Cross,2,24,LOST,45,41,86,22,39,60,100,40,,,,,,
Redhill,,,04/04/2025,Group 5,https://www.dartsatlas.com/matches/LDVfM4s695hE,Ryan Cross,Second,Ryan O’Neill,2,24,WON,73,55,72,97,85,57,46,16,,,,,,
Redhill,,,04/04/2025,Group 5,https://www.dartsatlas.com/matches/CO9eCxJjBkkQ,Charlie Green,First,Aidan Oliver,1,25,WON,100,95,58,58,7,39,120,18,6,,,,,
Redhill,,,04/04/2025,Group 5,https://www.dartsatlas.com/matches/CO9eCxJjBkkQ,Aidan Oliver,Second,Charlie Green,1,24,LOST,46,58,61,100,57,44,35,60,,,,,,
Redhill,,,04/04/2025,Group 5,https://www.dartsatlas.com/matches/CO9eCxJjBkkQ,Charlie Green,Second,Aidan Oliver,2,19,WON,21,180,81,97,47,63,12,,,,,,,
Redhill,,,04/04/2025,Group 5,https://www.dartsatlas.com/matches/CO9eCxJjBkkQ,Aidan Oliver,First,Charlie Green,2,21,LOST,60,85,42,42,41,134,37,,,,,,,
Redhill,,,04/04/2025,Group 5,https://www.dartsatlas.com/matches/1nipvUoH4M8m,Ryan Cross,Second,Bradley OConnor,1,24,LOST,60,96,140,9,13,100,43,20,,,,,,
Redhill,,,04/04/2025,Group 5,https://www.dartsatlas.com/matches/1nipvUoH4M8m,Bradley OConnor,First,Ryan Cross,1,25,WON,40,96,55,68,41,44,29,88,40,,,,,
Redhill,,,04/04/2025,Group 5,https://www.dartsatlas.com/matches/1nipvUoH4M8m,Ryan Cross,First,Bradley OConnor,2,27,LOST,60,60,100,43,39,45,86,36,0,,,,,
Redhill,,,04/04/2025,Group 5,https://www.dartsatlas.com/matches/1nipvUoH4M8m,Bradley OConnor,Second,Ryan Cross,2,27,WON,55,46,100,81,45,98,56,0,20,,,,,
