Venue,Division,Season,Date,Round,URL,Player,Opponent,First Thrower,Leg,Total Darts,Result,Throw_1,Throw_2,Throw_3,Throw_4,Throw_5,Throw_6,Throw_7,Throw_8,Throw_9,Throw_10,Throw_11,Throw_12,Throw_13,Throw_14,Throw_15,Throw_16,Throw_17,Throw_18,Throw_19
Morden,Division Two,39,,,https://www.dartsatlas.com/matches/JzyhCSehvyt2,Teddie Stanford,Steve brown,First,1,54,LOST,29,79,41,57,29,42,67,27,20,8,30,69,0,0,0,1,0,0,
Morden,Division Two,39,,,https://www.dartsatlas.com/matches/JzyhCSehvyt2,Steve brown,Teddie Stanford,Second,1,53,WON,63,63,45,22,45,60,22,25,60,40,32,22,0,0,0,0,0,2,
Morden,Division Two,39,,,https://www.dartsatlas.com/matches/JzyhCSehvyt2,Teddie Stanford,Steve brown,Second,2,32,WON,43,47,83,38,74,57,93,25,0,0,41,,,,,,,,
Morden,Division Two,39,,,https://www.dartsatlas.com/matches/JzyhCSehvyt2,Steve brown,Teddie Stanford,First,2,33,LOST,41,43,60,40,24,55,26,41,59,24,36,,,,,,,,
Morden,Division Two,39,,,https://www.dartsatlas.com/matches/JzyhCSehvyt2,Teddie Stanford,Steve brown,First,3,30,LOST,49,29,57,25,58,13,29,22,27,17,,,,,,,,,
Morden,Division Two,39,,,https://www.dartsatlas.com/matches/JzyhCSehvyt2,Steve brown,Teddie Stanford,Second,3,29,WON,100,24,21,41,57,79,45,41,33,60,,,,,,,,,
Morden,Division Two,39,,,https://www.dartsatlas.com/matches/JzyhCSehvyt2,Teddie Stanford,Steve brown,Second,4,36,LOST,79,41,24,47,45,12,29,47,47,24,7,40,,,,,,,
Morden,Division Two,39,,,https://www.dartsatlas.com/matches/JzyhCSehvyt2,Steve brown,Teddie Stanford,First,4,39,WON,100,2,60,45,45,22,85,40,52,18,23,1,8,,,,,,
Morden,Division Two,39,,,https://www.dartsatlas.com/matches/JzyhCSehvyt2,Teddie Stanford,Steve brown,First,5,46,WON,29,41,43,29,45,13,79,29,33,25,30,76,0,0,17,12,,,
Morden,Division Two,39,,,https://www.dartsatlas.com/matches/JzyhCSehvyt2,Steve brown,Teddie Stanford,Second,5,45,LOST,83,22,24,41,45,21,40,43,82,80,0,0,15,1,0,,,,
Morden,Division Two,39,,,https://www.dartsatlas.com/matches/JzyhCSehvyt2,Teddie Stanford,Steve brown,Second,6,33,WON,95,83,85,47,35,84,25,31,0,0,16,,,,,,,,
Morden,Division Two,39,,,https://www.dartsatlas.com/matches/JzyhCSehvyt2,Steve brown,Teddie Stanford,First,6,33,LOST,43,22,81,30,40,60,41,60,28,47,0,,,,,,,,
Morden,Division Two,39,,,https://www.dartsatlas.com/matches/JzyhCSehvyt2,Teddie Stanford,Steve brown,First,7,57,LOST,33,41,29,83,9,10,33,24,33,49,17,53,55,24,0,0,0,4,2
Morden,Division Two,39,,,https://www.dartsatlas.com/matches/JzyhCSehvyt2,Steve brown,Teddie Stanford,Second,7,55,WON,40,85,16,60,100,43,40,33,69,11,0,0,0,0,0,0,0,0,4
Morden,Division Two,39,,,https://www.dartsatlas.com/matches/JzyhCSehvyt2,Teddie Stanford,Steve brown,Second,8,49,WON,71,45,43,38,45,45,76,19,43,39,0,20,0,1,8,0,8,,
Morden,Division Two,39,,,https://www.dartsatlas.com/matches/JzyhCSehvyt2,Steve brown,Teddie Stanford,First,8,51,LOST,60,41,22,95,22,35,83,22,0,30,73,0,0,0,0,10,0,,
Morden,Division Two,39,,,https://www.dartsatlas.com/matches/JzyhCSehvyt2,Teddie Stanford,Steve brown,First,9,51,LOST,45,95,67,35,57,33,4,51,13,29,40,26,0,0,0,0,3,,
Morden,Division Two,39,,,https://www.dartsatlas.com/matches/JzyhCSehvyt2,Steve brown,Teddie Stanford,Second,9,49,WON,41,85,28,28,43,81,59,34,11,16,37,25,0,0,0,11,2,,
Morden,Division Two,39,,,https://www.dartsatlas.com/matches/JzyhCSehvyt2,Teddie Stanford,Steve brown,Second,10,54,LOST,57,52,47,43,23,26,76,39,77,22,23,8,0,0,0,0,0,0,
Morden,Division Two,39,,,https://www.dartsatlas.com/matches/JzyhCSehvyt2,Steve brown,Teddie Stanford,First,10,55,WON,24,24,59,45,45,60,20,60,43,41,25,21,4,0,25,0,3,0,2
Morden,Division Two,39,,,https://www.dartsatlas.com/matches/JzyhCSehvyt2,Teddie Stanford,Steve brown,First,11,31,WON,41,45,83,45,54,83,41,34,35,20,20,,,,,,,,
Morden,Division Two,39,,,https://www.dartsatlas.com/matches/JzyhCSehvyt2,Steve brown,Teddie Stanford,Second,11,30,LOST,41,61,40,60,22,36,100,81,40,0,,,,,,,,,
Morden,Division Two,39,,,https://www.dartsatlas.com/matches/JzyhCSehvyt2,Teddie Stanford,Steve brown,Second,12,39,LOST,83,76,26,79,25,40,32,41,30,53,0,8,0,,,,,,
Morden,Division Two,39,,,https://www.dartsatlas.com/matches/JzyhCSehvyt2,Steve brown,Teddie Stanford,First,12,42,WON,32,61,81,22,23,30,140,32,35,31,0,10,0,4,,,,,
Morden,Division Two,39,,,https://www.dartsatlas.com/matches/JzyhCSehvyt2,Teddie Stanford,Steve brown,First,13,33,LOST,45,45,29,6,46,11,29,22,22,45,28,,,,,,,,
Morden,Division Two,39,,,https://www.dartsatlas.com/matches/JzyhCSehvyt2,Steve brown,Teddie Stanford,Second,13,32,WON,47,81,20,121,100,60,21,0,27,12,12,,,,,,,,
Morden,Division Two,39,,,https://www.dartsatlas.com/matches/ix7OSoJvS8Zz,Nick East,Gary Braisby,Second,1,33,LOST,122,32,9,25,180,41,49,23,15,0,1,,,,,,,,
Morden,Division Two,39,,,https://www.dartsatlas.com/matches/ix7OSoJvS8Zz,Gary Braisby,Nick East,First,1,34,WON,43,60,30,41,100,38,26,60,71,7,9,16,,,,,,,
Morden,Division Two,39,,,https://www.dartsatlas.com/matches/ix7OSoJvS8Zz,Nick East,Gary Braisby,First,2,27,LOST,21,60,45,85,46,81,99,32,0,,,,,,,,,,
Morden,Division Two,39,,,https://www.dartsatlas.com/matches/ix7OSoJvS8Zz,Gary Braisby,Nick East,Second,2,27,WON,60,26,83,60,121,39,90,14,8,,,,,,,,,,
Morden,Division Two,39,,,https://www.dartsatlas.com/matches/ix7OSoJvS8Zz,Nick East,Gary Braisby,Second,3,24,LOST,42,59,81,21,60,45,100,73,,,,,,,,,,,
Morden,Division Two,39,,,https://www.dartsatlas.com/matches/ix7OSoJvS8Zz,Gary Braisby,Nick East,First,3,27,WON,55,45,7,28,81,81,84,60,60,,,,,,,,,,
Morden,Division Two,39,,,https://www.dartsatlas.com/matches/ix7OSoJvS8Zz,Nick East,Gary Braisby,First,4,21,LOST,45,80,78,37,78,72,51,,,,,,,,,,,,
Morden,Division Two,39,,,https://www.dartsatlas.com/matches/ix7OSoJvS8Zz,Gary Braisby,Nick East,Second,4,20,WON,80,140,60,100,41,60,20,,,,,,,,,,,,
Morden,Division Two,39,,,https://www.dartsatlas.com/matches/ix7OSoJvS8Zz,Nick East,Gary Braisby,Second,5,33,LOST,41,58,45,100,26,39,100,51,31,5,0,,,,,,,,
Morden,Division Two,39,,,https://www.dartsatlas.com/matches/ix7OSoJvS8Zz,Gary Braisby,Nick East,First,5,36,WON,26,36,28,60,41,40,95,95,40,30,0,10,,,,,,,
Morden,Division Two,39,,,https://www.dartsatlas.com/matches/ix7OSoJvS8Zz,Nick East,Gary Braisby,First,6,21,LOST,45,45,28,35,59,45,45,,,,,,,,,,,,
Morden,Division Two,39,,,https://www.dartsatlas.com/matches/ix7OSoJvS8Zz,Gary Braisby,Nick East,Second,6,19,WON,100,26,85,85,43,140,22,,,,,,,,,,,,
Morden,Division Two,39,,,https://www.dartsatlas.com/matches/ix7OSoJvS8Zz,Nick East,Gary Braisby,Second,7,21,LOST,99,81,30,35,60,80,33,,,,,,,,,,,,
Morden,Division Two,39,,,https://www.dartsatlas.com/matches/ix7OSoJvS8Zz,Gary Braisby,Nick East,First,7,22,WON,85,81,55,40,80,45,75,40,,,,,,,,,,,
Morden,Division Two,39,,,https://www.dartsatlas.com/matches/ix7OSoJvS8Zz,Nick East,Gary Braisby,First,8,24,LOST,20,23,40,39,48,81,60,41,,,,,,,,,,,
Morden,Division Two,39,,,https://www.dartsatlas.com/matches/ix7OSoJvS8Zz,Gary Braisby,Nick East,Second,8,24,WON,140,21,60,40,24,38,85,93,,,,,,,,,,,
Morden,Division Two,39,,,https://www.dartsatlas.com/matches/sM5WCtanHr3O,Jamie Loader,Kelly Gower,First,1,35,WON,30,64,41,24,15,22,9,41,96,44,75,40,,,,,,,
Morden,Division Two,39,,,https://www.dartsatlas.com/matches/sM5WCtanHr3O,Kelly Gower,Jamie Loader,Second,1,33,LOST,41,40,59,35,41,61,33,95,41,0,35,,,,,,,,
Morden,Division Two,39,,,https://www.dartsatlas.com/matches/sM5WCtanHr3O,Jamie Loader,Kelly Gower,Second,2,29,WON,84,84,45,5,59,54,48,35,71,16,,,,,,,,,
Morden,Division Two,39,,,https://www.dartsatlas.com/matches/sM5WCtanHr3O,Kelly Gower,Jamie Loader,First,2,30,LOST,41,44,40,44,55,43,26,28,41,82,,,,,,,,,
Morden,Division Two,39,,,https://www.dartsatlas.com/matches/sM5WCtanHr3O,Jamie Loader,Kelly Gower,First,3,48,LOST,40,40,88,15,29,48,42,80,87,16,12,2,0,0,0,0,,,
Morden,Division Two,39,,,https://www.dartsatlas.com/matches/sM5WCtanHr3O,Kelly Gower,Jamie Loader,Second,3,46,WON,43,74,35,33,26,54,57,38,29,5,44,0,31,24,0,8,,,
Morden,Division Two,39,,,https://www.dartsatlas.com/matches/sM5WCtanHr3O,Jamie Loader,Kelly Gower,Second,4,42,LOST,30,32,22,21,56,28,2,26,49,30,59,50,36,20,,,,,
Morden,Division Two,39,,,https://www.dartsatlas.com/matches/sM5WCtanHr3O,Kelly Gower,Jamie Loader,First,4,43,WON,15,95,69,41,42,49,57,33,46,18,20,0,0,0,16,,,,
Morden,Division Two,39,,,https://www.dartsatlas.com/matches/sM5WCtanHr3O,Jamie Loader,Kelly Gower,First,5,27,LOST,54,81,140,17,47,0,46,52,24,,,,,,,,,,
Morden,Division Two,39,,,https://www.dartsatlas.com/matches/sM5WCtanHr3O,Kelly Gower,Jamie Loader,Second,5,26,WON,44,47,57,43,44,121,41,69,35,,,,,,,,,,
Morden,Division Two,39,,,https://www.dartsatlas.com/matches/sM5WCtanHr3O,Jamie Loader,Kelly Gower,Second,6,30,LOST,33,35,46,96,81,44,26,32,28,40,,,,,,,,,
Morden,Division Two,39,,,https://www.dartsatlas.com/matches/sM5WCtanHr3O,Kelly Gower,Jamie Loader,First,6,32,WON,40,45,29,95,33,79,47,67,31,19,16,,,,,,,,
Morden,Division Two,39,,,https://www.dartsatlas.com/matches/sM5WCtanHr3O,Jamie Loader,Kelly Gower,First,7,48,LOST,46,26,24,32,38,25,28,35,44,45,7,72,39,21,0,17,,,
Morden,Division Two,39,,,https://www.dartsatlas.com/matches/sM5WCtanHr3O,Kelly Gower,Jamie Loader,Second,7,48,WON,21,87,31,43,29,43,67,35,57,68,0,0,0,0,0,20,,,
Morden,Division Two,39,,,https://www.dartsatlas.com/matches/sM5WCtanHr3O,Jamie Loader,Kelly Gower,Second,8,33,LOST,117,69,47,39,51,41,43,9,47,22,0,,,,,,,,
Morden,Division Two,39,,,https://www.dartsatlas.com/matches/sM5WCtanHr3O,Kelly Gower,Jamie Loader,First,8,34,WON,41,45,25,59,57,63,29,29,57,56,20,20,,,,,,,
Morden,Division Two,39,,,https://www.dartsatlas.com/matches/sM5WCtanHr3O,Jamie Loader,Kelly Gower,First,9,33,LOST,43,42,77,59,44,100,42,24,30,10,28,,,,,,,,
Morden,Division Two,39,,,https://www.dartsatlas.com/matches/sM5WCtanHr3O,Kelly Gower,Jamie Loader,Second,9,31,WON,47,60,77,57,31,45,32,63,59,10,20,,,,,,,,
Morden,Division Two,39,,,https://www.dartsatlas.com/matches/sM5WCtanHr3O,Jamie Loader,Kelly Gower,Second,10,45,WON,45,13,43,7,55,41,25,63,39,45,31,32,30,21,11,,,,
Morden,Division Two,39,,,https://www.dartsatlas.com/matches/sM5WCtanHr3O,Kelly Gower,Jamie Loader,First,10,45,LOST,17,21,83,89,13,45,79,52,87,0,3,6,0,0,0,,,,
Morden,Division Two,39,,,https://www.dartsatlas.com/matches/sM5WCtanHr3O,Jamie Loader,Kelly Gower,First,11,36,LOST,57,11,27,7,45,80,9,57,23,46,23,76,,,,,,,
Morden,Division Two,39,,,https://www.dartsatlas.com/matches/sM5WCtanHr3O,Kelly Gower,Jamie Loader,Second,11,35,WON,40,95,95,41,37,41,29,29,38,24,0,32,,,,,,,
Morden,Division Two,39,,,https://www.dartsatlas.com/matches/g79JjlxMYEDG,Jamie Loader,Nick East,Second,1,26,WON,26,59,132,44,85,36,43,36,40,,,,,,,,,,
Morden,Division Two,39,,,https://www.dartsatlas.com/matches/g79JjlxMYEDG,Nick East,Jamie Loader,First,1,27,LOST,22,60,18,140,41,50,80,22,32,,,,,,,,,,
Morden,Division Two,39,,,https://www.dartsatlas.com/matches/g79JjlxMYEDG,Jamie Loader,Nick East,First,2,36,LOST,24,81,100,47,78,77,38,16,8,16,0,8,,,,,,,
Morden,Division Two,39,,,https://www.dartsatlas.com/matches/g79JjlxMYEDG,Nick East,Jamie Loader,Second,2,36,WON,7,30,99,41,28,65,26,23,60,41,69,12,,,,,,,
Morden,Division Two,39,,,https://www.dartsatlas.com/matches/g79JjlxMYEDG,Jamie Loader,Nick East,Second,3,36,LOST,15,11,70,26,79,26,3,45,47,44,35,60,,,,,,,
Morden,Division Two,39,,,https://www.dartsatlas.com/matches/g79JjlxMYEDG,Nick East,Jamie Loader,First,3,39,WON,45,81,40,41,41,17,30,87,38,41,30,0,10,,,,,,
Morden,Division Two,39,,,https://www.dartsatlas.com/matches/g79JjlxMYEDG,Jamie Loader,Nick East,First,4,30,LOST,40,26,58,121,60,9,38,13,58,38,,,,,,,,,
Morden,Division Two,39,,,https://www.dartsatlas.com/matches/g79JjlxMYEDG,Nick East,Jamie Loader,Second,4,29,WON,41,60,81,30,98,46,35,23,47,40,,,,,,,,,
Morden,Division Two,39,,,https://www.dartsatlas.com/matches/g79JjlxMYEDG,Jamie Loader,Nick East,Second,5,27,WON,29,24,40,22,135,45,76,58,72,,,,,,,,,,
Morden,Division Two,39,,,https://www.dartsatlas.com/matches/g79JjlxMYEDG,Nick East,Jamie Loader,First,5,27,LOST,66,26,85,85,60,23,22,70,48,,,,,,,,,,
Morden,Division Two,39,,,https://www.dartsatlas.com/matches/g79JjlxMYEDG,Jamie Loader,Nick East,First,6,34,WON,180,81,11,47,42,80,20,0,8,0,0,32,,,,,,,
Morden,Division Two,39,,,https://www.dartsatlas.com/matches/g79JjlxMYEDG,Nick East,Jamie Loader,Second,6,33,LOST,81,58,23,41,45,22,41,11,24,40,11,,,,,,,,
Morden,Division Two,39,,,https://www.dartsatlas.com/matches/g79JjlxMYEDG,Jamie Loader,Nick East,Second,7,27,LOST,13,21,87,41,85,17,47,29,5,,,,,,,,,,
Morden,Division Two,39,,,https://www.dartsatlas.com/matches/g79JjlxMYEDG,Nick East,Jamie Loader,First,7,30,WON,30,118,76,38,15,105,29,20,30,40,,,,,,,,,
Morden,Division Two,39,,,https://www.dartsatlas.com/matches/g79JjlxMYEDG,Jamie Loader,Nick East,First,8,29,WON,64,30,59,100,95,83,30,30,0,10,,,,,,,,,
Morden,Division Two,39,,,https://www.dartsatlas.com/matches/g79JjlxMYEDG,Nick East,Jamie Loader,Second,8,27,LOST,26,41,55,22,45,30,41,81,100,,,,,,,,,,
Morden,Division Two,39,,,https://www.dartsatlas.com/matches/g79JjlxMYEDG,Jamie Loader,Nick East,Second,9,32,WON,26,58,33,100,11,32,68,57,35,39,42,,,,,,,,
Morden,Division Two,39,,,https://www.dartsatlas.com/matches/g79JjlxMYEDG,Nick East,Jamie Loader,First,9,33,LOST,43,44,83,60,22,47,60,26,40,0,60,,,,,,,,
Morden,Division Two,39,,,https://www.dartsatlas.com/matches/g79JjlxMYEDG,Jamie Loader,Nick East,First,10,38,WON,38,123,35,59,56,44,36,75,27,6,0,0,2,,,,,,
Morden,Division Two,39,,,https://www.dartsatlas.com/matches/g79JjlxMYEDG,Nick East,Jamie Loader,Second,10,36,LOST,81,80,38,83,70,39,58,36,0,14,0,0,,,,,,,
Morden,Division Two,39,,,https://www.dartsatlas.com/matches/g79JjlxMYEDG,Jamie Loader,Nick East,Second,11,24,LOST,77,60,54,32,63,85,31,35,,,,,,,,,,,
Morden,Division Two,39,,,https://www.dartsatlas.com/matches/g79JjlxMYEDG,Nick East,Jamie Loader,First,11,25,WON,100,26,45,100,28,44,58,76,24,,,,,,,,,,
Morden,Division Two,39,,,https://www.dartsatlas.com/matches/g79JjlxMYEDG,Jamie Loader,Nick East,First,12,36,WON,45,40,45,60,46,10,45,44,26,44,56,40,,,,,,,
Morden,Division Two,39,,,https://www.dartsatlas.com/matches/g79JjlxMYEDG,Nick East,Jamie Loader,Second,12,33,LOST,7,25,81,24,45,25,45,41,34,58,44,,,,,,,,
Morden,Division Two,39,,,https://www.dartsatlas.com/matches/g79JjlxMYEDG,Jamie Loader,Nick East,Second,13,25,WON,100,140,26,33,12,30,50,70,40,,,,,,,,,,
Morden,Division Two,39,,,https://www.dartsatlas.com/matches/g79JjlxMYEDG,Nick East,Jamie Loader,First,13,27,LOST,41,52,41,60,66,35,58,42,86,,,,,,,,,,
Morden,Division Two,39,,,https://www.dartsatlas.com/matches/IeJnLnnoAkTa,Christine Jamieson,Steve brown,First,1,33,LOST,29,6,13,59,45,78,45,25,67,17,34,,,,,,,,
Morden,Division Two,39,,,https://www.dartsatlas.com/matches/IeJnLnnoAkTa,Steve brown,Christine Jamieson,Second,1,31,WON,45,140,81,43,43,81,28,30,0,0,10,,,,,,,,
Morden,Division Two,39,,,https://www.dartsatlas.com/matches/IeJnLnnoAkTa,Christine Jamieson,Steve brown,Second,2,30,LOST,57,23,22,29,83,41,87,47,46,34,,,,,,,,,
Morden,Division Two,39,,,https://www.dartsatlas.com/matches/IeJnLnnoAkTa,Steve brown,Christine Jamieson,First,2,32,WON,26,41,22,60,55,59,100,45,45,32,16,,,,,,,,
Morden,Division Two,39,,,https://www.dartsatlas.com/matches/IeJnLnnoAkTa,Christine Jamieson,Steve brown,First,3,33,LOST,45,30,39,71,71,57,78,38,45,19,4,,,,,,,,
Morden,Division Two,39,,,https://www.dartsatlas.com/matches/IeJnLnnoAkTa,Steve brown,Christine Jamieson,Second,3,32,WON,26,22,81,55,45,125,40,59,32,0,16,,,,,,,,
Morden,Division Two,39,,,https://www.dartsatlas.com/matches/IeJnLnnoAkTa,Christine Jamieson,Steve brown,Second,4,21,LOST,48,25,39,59,29,41,44,,,,,,,,,,,,
Morden,Division Two,39,,,https://www.dartsatlas.com/matches/IeJnLnnoAkTa,Steve brown,Christine Jamieson,First,4,24,WON,180,41,26,28,60,79,47,40,,,,,,,,,,,
Morden,Division Two,39,,,https://www.dartsatlas.com/matches/IeJnLnnoAkTa,Christine Jamieson,Steve brown,First,5,24,LOST,45,71,64,95,33,17,30,11,,,,,,,,,,,
Morden,Division Two,39,,,https://www.dartsatlas.com/matches/IeJnLnnoAkTa,Steve brown,Christine Jamieson,Second,5,23,WON,45,60,36,121,59,60,100,20,,,,,,,,,,,
Morden,Division Two,39,,,https://www.dartsatlas.com/matches/IeJnLnnoAkTa,Christine Jamieson,Steve brown,Second,6,18,LOST,43,36,41,40,40,79,,,,,,,,,,,,,
Morden,Division Two,39,,,https://www.dartsatlas.com/matches/IeJnLnnoAkTa,Steve brown,Christine Jamieson,First,6,21,WON,60,100,125,55,81,40,40,,,,,,,,,,,,
Morden,Division Two,39,,,https://www.dartsatlas.com/matches/IeJnLnnoAkTa,Christine Jamieson,Steve brown,First,7,42,LOST,26,41,57,57,71,57,38,22,46,44,38,0,0,0,,,,,
Morden,Division Two,39,,,https://www.dartsatlas.com/matches/IeJnLnnoAkTa,Steve brown,Christine Jamieson,Second,7,42,WON,41,26,45,4,45,45,45,100,42,48,30,0,20,10,,,,,
Morden,Division Two,39,,,https://www.dartsatlas.com/matches/IeJnLnnoAkTa,Christine Jamieson,Steve brown,Second,8,30,LOST,97,79,24,22,17,27,34,38,35,30,,,,,,,,,
Morden,Division Two,39,,,https://www.dartsatlas.com/matches/IeJnLnnoAkTa,Steve brown,Christine Jamieson,First,8,33,WON,45,45,45,45,60,26,81,31,95,0,28,,,,,,,,
Morden,Division Two,39,,,https://www.dartsatlas.com/matches/Ep1IG1R5f8TJ,Christine Jamieson,Kelly Gower,First,1,29,WON,54,71,38,29,47,26,62,41,83,50,,,,,,,,,
Morden,Division Two,39,,,https://www.dartsatlas.com/matches/Ep1IG1R5f8TJ,Kelly Gower,Christine Jamieson,Second,1,27,LOST,29,73,57,35,23,29,89,85,51,,,,,,,,,,
Morden,Division Two,39,,,https://www.dartsatlas.com/matches/Ep1IG1R5f8TJ,Christine Jamieson,Kelly Gower,Second,2,39,LOST,13,29,64,84,46,48,41,45,17,19,30,36,3,,,,,,
Morden,Division Two,39,,,https://www.dartsatlas.com/matches/Ep1IG1R5f8TJ,Kelly Gower,Christine Jamieson,First,2,41,WON,19,19,76,29,85,23,81,73,41,35,10,0,0,10,,,,,
Morden,Division Two,39,,,https://www.dartsatlas.com/matches/Ep1IG1R5f8TJ,Christine Jamieson,Kelly Gower,First,3,30,LOST,72,24,42,26,45,55,33,35,41,29,,,,,,,,,
Morden,Division Two,39,,,https://www.dartsatlas.com/matches/Ep1IG1R5f8TJ,Kelly Gower,Christine Jamieson,Second,3,28,WON,83,79,29,23,71,57,25,93,25,16,,,,,,,,,
Morden,Division Two,39,,,https://www.dartsatlas.com/matches/Ep1IG1R5f8TJ,Christine Jamieson,Kelly Gower,Second,4,38,WON,25,33,25,71,47,45,29,13,43,34,26,94,16,,,,,,
Morden,Division Two,39,,,https://www.dartsatlas.com/matches/Ep1IG1R5f8TJ,Kelly Gower,Christine Jamieson,First,4,39,LOST,42,95,37,18,39,43,38,86,57,41,0,3,0,,,,,,
Morden,Division Two,39,,,https://www.dartsatlas.com/matches/Ep1IG1R5f8TJ,Christine Jamieson,Kelly Gower,First,5,32,WON,38,35,31,49,128,45,114,14,15,0,32,,,,,,,,
Morden,Division Two,39,,,https://www.dartsatlas.com/matches/Ep1IG1R5f8TJ,Kelly Gower,Christine Jamieson,Second,5,30,LOST,43,61,25,29,25,45,31,45,39,41,,,,,,,,,
Morden,Division Two,39,,,https://www.dartsatlas.com/matches/Ep1IG1R5f8TJ,Christine Jamieson,Kelly Gower,Second,6,36,WON,62,62,33,57,92,45,33,22,55,20,16,4,,,,,,,
Morden,Division Two,39,,,https://www.dartsatlas.com/matches/Ep1IG1R5f8TJ,Kelly Gower,Christine Jamieson,First,6,36,LOST,79,29,22,33,45,17,26,29,10,41,61,69,,,,,,,
Morden,Division Two,39,,,https://www.dartsatlas.com/matches/Ep1IG1R5f8TJ,Christine Jamieson,Kelly Gower,First,7,33,WON,48,35,26,33,48,57,22,121,62,28,21,,,,,,,,
Morden,Division Two,39,,,https://www.dartsatlas.com/matches/Ep1IG1R5f8TJ,Kelly Gower,Christine Jamieson,Second,7,30,LOST,25,29,54,25,47,41,33,41,41,79,,,,,,,,,
Morden,Division Two,39,,,https://www.dartsatlas.com/matches/Ep1IG1R5f8TJ,Christine Jamieson,Kelly Gower,Second,8,24,LOST,28,41,32,42,38,38,92,34,,,,,,,,,,,
Morden,Division Two,39,,,https://www.dartsatlas.com/matches/Ep1IG1R5f8TJ,Kelly Gower,Christine Jamieson,First,8,27,WON,41,47,47,73,79,57,43,39,75,,,,,,,,,,
Morden,Division Two,39,,,https://www.dartsatlas.com/matches/Ep1IG1R5f8TJ,Christine Jamieson,Kelly Gower,First,9,30,LOST,72,45,84,40,20,29,30,45,18,45,,,,,,,,,
Morden,Division Two,39,,,https://www.dartsatlas.com/matches/Ep1IG1R5f8TJ,Kelly Gower,Christine Jamieson,Second,9,28,WON,43,41,55,29,24,95,117,65,16,16,,,,,,,,,
Morden,Division Two,39,,,https://www.dartsatlas.com/matches/Ep1IG1R5f8TJ,Christine Jamieson,Kelly Gower,Second,10,42,LOST,25,45,65,38,28,35,32,73,45,33,35,41,0,0,,,,,
Morden,Division Two,39,,,https://www.dartsatlas.com/matches/Ep1IG1R5f8TJ,Kelly Gower,Christine Jamieson,First,10,43,WON,22,19,36,57,41,21,42,13,45,83,43,28,33,0,18,,,,
Morden,Division Two,39,,,https://www.dartsatlas.com/matches/Ep1IG1R5f8TJ,Christine Jamieson,Kelly Gower,First,11,37,WON,25,79,42,57,95,41,39,26,79,14,0,0,4,,,,,,
Morden,Division Two,39,,,https://www.dartsatlas.com/matches/Ep1IG1R5f8TJ,Kelly Gower,Christine Jamieson,Second,11,36,LOST,83,31,57,57,25,39,35,71,37,35,0,15,,,,,,,
Morden,Division Two,39,,,https://www.dartsatlas.com/matches/Ep1IG1R5f8TJ,Christine Jamieson,Kelly Gower,Second,12,35,WON,95,95,45,73,71,17,49,46,0,0,0,10,,,,,,,
Morden,Division Two,39,,,https://www.dartsatlas.com/matches/Ep1IG1R5f8TJ,Kelly Gower,Christine Jamieson,First,12,36,LOST,35,9,17,117,41,57,38,54,25,54,0,15,,,,,,,
Morden,Division Two,39,,,https://www.dartsatlas.com/matches/Ep1IG1R5f8TJ,Christine Jamieson,Kelly Gower,First,13,36,LOST,31,51,46,11,29,31,66,57,38,26,40,27,,,,,,,
Morden,Division Two,39,,,https://www.dartsatlas.com/matches/Ep1IG1R5f8TJ,Kelly Gower,Christine Jamieson,Second,13,34,WON,45,41,45,42,41,29,31,123,54,34,0,16,,,,,,,
Morden,Division Two,39,,,https://www.dartsatlas.com/matches/Ep1IG1R5f8TJ,Christine Jamieson,Kelly Gower,Second,14,48,LOST,79,17,51,22,29,45,13,37,95,37,0,60,0,8,0,0,,,
Morden,Division Two,39,,,https://www.dartsatlas.com/matches/Ep1IG1R5f8TJ,Kelly Gower,Christine Jamieson,First,14,50,WON,54,17,29,95,97,55,24,41,49,30,5,0,0,1,0,2,2,,
Morden,Division Two,39,,,https://www.dartsatlas.com/matches/pjOrazsrJUC1,Steve brown,Gary Braisby,Second,1,24,LOST,46,59,26,55,11,45,26,41,,,,,,,,,,,
Morden,Division Two,39,,,https://www.dartsatlas.com/matches/pjOrazsrJUC1,Gary Braisby,Steve brown,First,1,26,WON,45,55,26,42,81,32,100,80,40,,,,,,,,,,
Morden,Division Two,39,,,https://www.dartsatlas.com/matches/pjOrazsrJUC1,Steve brown,Gary Braisby,First,2,30,LOST,41,30,30,41,40,45,100,40,40,54,,,,,,,,,
Morden,Division Two,39,,,https://www.dartsatlas.com/matches/pjOrazsrJUC1,Gary Braisby,Steve brown,Second,2,28,WON,45,81,125,55,55,80,40,0,0,20,,,,,,,,,
Morden,Division Two,39,,,https://www.dartsatlas.com/matches/pjOrazsrJUC1,Steve brown,Gary Braisby,Second,3,24,LOST,60,45,61,45,140,60,77,0,,,,,,,,,,,
Morden,Division Two,39,,,https://www.dartsatlas.com/matches/pjOrazsrJUC1,Gary Braisby,Steve brown,First,3,27,WON,41,140,26,81,52,42,32,67,20,,,,,,,,,,
Morden,Division Two,39,,,https://www.dartsatlas.com/matches/pjOrazsrJUC1,Steve brown,Gary Braisby,First,4,15,LOST,21,76,22,39,100,,,,,,,,,,,,,,
Morden,Division Two,39,,,https://www.dartsatlas.com/matches/pjOrazsrJUC1,Gary Braisby,Steve brown,Second,4,15,WON,85,100,100,100,116,,,,,,,,,,,,,,
Morden,Division Two,39,,,https://www.dartsatlas.com/matches/pjOrazsrJUC1,Steve brown,Gary Braisby,Second,5,28,WON,60,40,41,60,81,59,24,80,16,40,,,,,,,,,
Morden,Division Two,39,,,https://www.dartsatlas.com/matches/pjOrazsrJUC1,Gary Braisby,Steve brown,First,5,30,LOST,40,60,45,36,85,45,55,40,59,11,,,,,,,,,
Morden,Division Two,39,,,https://www.dartsatlas.com/matches/pjOrazsrJUC1,Steve brown,Gary Braisby,First,6,31,WON,59,41,100,45,55,47,39,41,48,18,8,,,,,,,,
Morden,Division Two,39,,,https://www.dartsatlas.com/matches/pjOrazsrJUC1,Gary Braisby,Steve brown,Second,6,30,LOST,55,100,28,41,84,140,21,14,10,0,,,,,,,,,
Morden,Division Two,39,,,https://www.dartsatlas.com/matches/pjOrazsrJUC1,Steve brown,Gary Braisby,Second,7,21,LOST,55,41,85,41,60,24,100,,,,,,,,,,,,
Morden,Division Two,39,,,https://www.dartsatlas.com/matches/pjOrazsrJUC1,Gary Braisby,Steve brown,First,7,24,WON,81,123,72,41,76,38,38,32,,,,,,,,,,,
Morden,Division Two,39,,,https://www.dartsatlas.com/matches/pjOrazsrJUC1,Steve brown,Gary Braisby,First,8,36,LOST,43,58,26,30,3,81,41,58,28,77,42,12,,,,,,,
Morden,Division Two,39,,,https://www.dartsatlas.com/matches/pjOrazsrJUC1,Gary Braisby,Steve brown,Second,8,35,WON,125,140,121,0,75,22,10,4,0,0,0,4,,,,,,,
Morden,Division Two,39,,,https://www.dartsatlas.com/matches/pjOrazsrJUC1,Steve brown,Gary Braisby,Second,9,21,LOST,30,70,180,83,98,24,8,,,,,,,,,,,,
Morden,Division Two,39,,,https://www.dartsatlas.com/matches/pjOrazsrJUC1,Gary Braisby,Steve brown,First,9,24,WON,30,41,55,80,83,60,92,60,,,,,,,,,,,
Morden,Division Two,39,,,https://www.dartsatlas.com/matches/pjOrazsrJUC1,Steve brown,Gary Braisby,First,10,27,LOST,5,40,43,30,81,60,85,45,62,,,,,,,,,,
Morden,Division Two,39,,,https://www.dartsatlas.com/matches/pjOrazsrJUC1,Gary Braisby,Steve brown,Second,10,27,WON,21,100,70,30,43,57,41,93,46,,,,,,,,,,
Morden,Division Two,39,,,https://www.dartsatlas.com/matches/HcRnufgcpeGY,Teddie Stanford,Jamie Loader,First,1,39,LOST,41,38,37,13,57,9,39,33,36,33,57,42,37,,,,,,
Morden,Division Two,39,,,https://www.dartsatlas.com/matches/HcRnufgcpeGY,Jamie Loader,Teddie Stanford,Second,1,38,WON,48,42,68,17,81,39,71,14,36,45,0,30,10,,,,,,
Morden,Division Two,39,,,https://www.dartsatlas.com/matches/HcRnufgcpeGY,Teddie Stanford,Jamie Loader,Second,2,36,LOST,123,51,76,45,27,23,13,57,20,0,36,25,,,,,,,
Morden,Division Two,39,,,https://www.dartsatlas.com/matches/HcRnufgcpeGY,Jamie Loader,Teddie Stanford,First,2,38,WON,30,42,43,21,42,134,39,27,32,25,46,0,20,,,,,,
Morden,Division Two,39,,,https://www.dartsatlas.com/matches/HcRnufgcpeGY,Teddie Stanford,Jamie Loader,First,3,33,LOST,83,35,22,60,14,13,35,76,41,23,35,,,,,,,,
Morden,Division Two,39,,,https://www.dartsatlas.com/matches/HcRnufgcpeGY,Jamie Loader,Teddie Stanford,Second,3,31,WON,11,60,22,43,42,43,90,100,72,2,16,,,,,,,,
Morden,Division Two,39,,,https://www.dartsatlas.com/matches/HcRnufgcpeGY,Teddie Stanford,Jamie Loader,Second,4,24,LOST,57,41,33,57,43,55,53,35,,,,,,,,,,,
Morden,Division Two,39,,,https://www.dartsatlas.com/matches/HcRnufgcpeGY,Jamie Loader,Teddie Stanford,First,4,26,WON,44,140,99,38,120,20,20,0,20,,,,,,,,,,
Morden,Division Two,39,,,https://www.dartsatlas.com/matches/HcRnufgcpeGY,Teddie Stanford,Jamie Loader,First,5,36,LOST,60,29,52,41,21,79,45,23,57,12,29,13,,,,,,,
Morden,Division Two,39,,,https://www.dartsatlas.com/matches/HcRnufgcpeGY,Jamie Loader,Teddie Stanford,Second,5,34,WON,30,80,41,60,53,49,42,25,14,71,2,34,,,,,,,
Morden,Division Two,39,,,https://www.dartsatlas.com/matches/HcRnufgcpeGY,Teddie Stanford,Jamie Loader,Second,6,39,LOST,53,55,57,33,47,59,24,54,57,30,20,6,0,,,,,,
Morden,Division Two,39,,,https://www.dartsatlas.com/matches/HcRnufgcpeGY,Jamie Loader,Teddie Stanford,First,6,41,WON,27,9,47,23,99,33,40,40,57,46,44,27,5,4,,,,,
Morden,Division Two,39,,,https://www.dartsatlas.com/matches/HcRnufgcpeGY,Teddie Stanford,Jamie Loader,First,7,30,LOST,68,29,41,45,36,79,25,42,13,38,,,,,,,,,
Morden,Division Two,39,,,https://www.dartsatlas.com/matches/HcRnufgcpeGY,Jamie Loader,Teddie Stanford,Second,7,28,WON,80,59,72,42,40,21,74,45,28,40,,,,,,,,,
Morden,Division Two,39,,,https://www.dartsatlas.com/matches/HcRnufgcpeGY,Teddie Stanford,Jamie Loader,Second,8,42,LOST,67,13,59,31,83,95,35,9,63,22,0,0,0,12,,,,,
Morden,Division Two,39,,,https://www.dartsatlas.com/matches/HcRnufgcpeGY,Jamie Loader,Teddie Stanford,First,8,44,WON,25,27,24,97,25,58,85,40,84,18,0,0,0,10,8,,,,
Morden,Division Two,39,,,https://www.dartsatlas.com/matches/u3Mssp5hBDxN,Kelly Gower,Nick East,First,1,30,LOST,61,55,81,76,25,23,22,47,25,26,,,,,,,,,
Morden,Division Two,39,,,https://www.dartsatlas.com/matches/u3Mssp5hBDxN,Nick East,Kelly Gower,Second,1,30,WON,100,22,41,3,100,56,55,54,38,32,,,,,,,,,
Morden,Division Two,39,,,https://www.dartsatlas.com/matches/u3Mssp5hBDxN,Kelly Gower,Nick East,Second,2,40,WON,23,9,79,9,47,29,89,74,31,79,18,0,0,14,,,,,
Morden,Division Two,39,,,https://www.dartsatlas.com/matches/u3Mssp5hBDxN,Nick East,Kelly Gower,First,2,42,LOST,41,24,60,40,26,60,30,62,42,45,31,0,30,8,,,,,
Morden,Division Two,39,,,https://www.dartsatlas.com/matches/u3Mssp5hBDxN,Kelly Gower,Nick East,First,3,27,LOST,22,39,54,81,53,41,42,25,29,,,,,,,,,,
Morden,Division Two,39,,,https://www.dartsatlas.com/matches/u3Mssp5hBDxN,Nick East,Kelly Gower,Second,3,25,WON,60,36,100,21,80,42,100,42,20,,,,,,,,,,
Morden,Division Two,39,,,https://www.dartsatlas.com/matches/u3Mssp5hBDxN,Kelly Gower,Nick East,Second,4,31,WON,95,67,60,25,13,41,79,55,34,24,8,,,,,,,,
Morden,Division Two,39,,,https://www.dartsatlas.com/matches/u3Mssp5hBDxN,Nick East,Kelly Gower,First,4,33,LOST,26,41,56,13,45,44,27,69,26,29,55,,,,,,,,
Morden,Division Two,39,,,https://www.dartsatlas.com/matches/u3Mssp5hBDxN,Kelly Gower,Nick East,First,5,30,LOST,25,46,45,67,31,41,41,57,21,33,,,,,,,,,
Morden,Division Two,39,,,https://www.dartsatlas.com/matches/u3Mssp5hBDxN,Nick East,Kelly Gower,Second,5,30,WON,45,60,45,62,45,43,41,45,34,81,,,,,,,,,
Morden,Division Two,39,,,https://www.dartsatlas.com/matches/u3Mssp5hBDxN,Kelly Gower,Nick East,Second,6,27,LOST,25,25,41,67,133,25,55,23,25,,,,,,,,,,
Morden,Division Two,39,,,https://www.dartsatlas.com/matches/u3Mssp5hBDxN,Nick East,Kelly Gower,First,6,28,WON,45,30,38,81,140,5,92,0,60,10,,,,,,,,,
Morden,Division Two,39,,,https://www.dartsatlas.com/matches/u3Mssp5hBDxN,Kelly Gower,Nick East,First,7,32,WON,41,29,95,44,23,57,31,54,57,12,58,,,,,,,,
Morden,Division Two,39,,,https://www.dartsatlas.com/matches/u3Mssp5hBDxN,Nick East,Kelly Gower,Second,7,30,LOST,26,85,85,43,40,30,58,19,30,61,,,,,,,,,
Morden,Division Two,39,,,https://www.dartsatlas.com/matches/u3Mssp5hBDxN,Kelly Gower,Nick East,Second,8,30,LOST,67,33,41,33,133,26,95,38,0,19,,,,,,,,,
Morden,Division Two,39,,,https://www.dartsatlas.com/matches/u3Mssp5hBDxN,Nick East,Kelly Gower,First,8,33,WON,121,85,47,60,42,138,0,0,0,0,8,,,,,,,,
Morden,Division Two,39,,,https://www.dartsatlas.com/matches/u3Mssp5hBDxN,Kelly Gower,Nick East,First,9,27,LOST,95,45,13,83,9,29,95,40,20,,,,,,,,,,
Morden,Division Two,39,,,https://www.dartsatlas.com/matches/u3Mssp5hBDxN,Nick East,Kelly Gower,Second,9,27,WON,100,95,47,45,125,35,44,6,4,,,,,,,,,,
Morden,Division Two,39,,,https://www.dartsatlas.com/matches/u3Mssp5hBDxN,Kelly Gower,Nick East,Second,10,27,LOST,82,57,41,23,47,25,29,57,29,,,,,,,,,,
Morden,Division Two,39,,,https://www.dartsatlas.com/matches/u3Mssp5hBDxN,Nick East,Kelly Gower,First,10,28,WON,42,85,25,81,45,57,66,60,36,4,,,,,,,,,
Morden,Division Two,39,,,https://www.dartsatlas.com/matches/u3Mssp5hBDxN,Kelly Gower,Nick East,First,11,40,WON,41,41,25,80,6,83,63,41,13,42,31,0,19,16,,,,,
Morden,Division Two,39,,,https://www.dartsatlas.com/matches/u3Mssp5hBDxN,Nick East,Kelly Gower,Second,11,39,LOST,26,23,60,22,180,62,25,68,3,28,2,0,0,,,,,,
Morden,Division Two,39,,,https://www.dartsatlas.com/matches/u3Mssp5hBDxN,Kelly Gower,Nick East,Second,12,29,WON,45,57,57,22,41,57,33,41,96,52,,,,,,,,,
Morden,Division Two,39,,,https://www.dartsatlas.com/matches/u3Mssp5hBDxN,Nick East,Kelly Gower,First,12,30,LOST,60,58,60,43,45,90,45,45,35,16,,,,,,,,,
Morden,Division Two,39,,,https://www.dartsatlas.com/matches/u3Mssp5hBDxN,Kelly Gower,Nick East,First,13,33,LOST,45,25,85,47,67,31,25,34,54,34,20,,,,,,,,
Morden,Division Two,39,,,https://www.dartsatlas.com/matches/u3Mssp5hBDxN,Nick East,Kelly Gower,Second,13,33,WON,41,60,55,25,18,60,15,46,60,43,78,,,,,,,,
Morden,Division Two,39,,,https://www.dartsatlas.com/matches/Oe0CrHcXURjo,Steve brown,Jamie Loader,Second,1,27,WON,26,60,43,100,30,24,85,59,74,,,,,,,,,,
Morden,Division Two,39,,,https://www.dartsatlas.com/matches/Oe0CrHcXURjo,Jamie Loader,Steve brown,First,1,27,LOST,125,22,28,85,35,43,69,22,47,,,,,,,,,,
Morden,Division Two,39,,,https://www.dartsatlas.com/matches/Oe0CrHcXURjo,Steve brown,Jamie Loader,First,2,29,WON,26,68,11,45,140,59,21,24,89,18,,,,,,,,,
Morden,Division Two,39,,,https://www.dartsatlas.com/matches/Oe0CrHcXURjo,Jamie Loader,Steve brown,Second,2,27,LOST,100,78,43,80,30,118,22,0,0,,,,,,,,,,
Morden,Division Two,39,,,https://www.dartsatlas.com/matches/Oe0CrHcXURjo,Steve brown,Jamie Loader,Second,3,27,LOST,21,140,41,41,30,41,43,40,54,,,,,,,,,,
Morden,Division Two,39,,,https://www.dartsatlas.com/matches/Oe0CrHcXURjo,Jamie Loader,Steve brown,First,3,30,WON,55,62,54,24,82,70,94,20,11,29,,,,,,,,,
Morden,Division Two,39,,,https://www.dartsatlas.com/matches/Oe0CrHcXURjo,Steve brown,Jamie Loader,First,4,27,LOST,100,64,59,43,5,60,7,22,97,,,,,,,,,,
Morden,Division Two,39,,,https://www.dartsatlas.com/matches/Oe0CrHcXURjo,Jamie Loader,Steve brown,Second,4,27,WON,44,19,72,46,60,85,44,111,20,,,,,,,,,,
Morden,Division Two,39,,,https://www.dartsatlas.com/matches/Oe0CrHcXURjo,Steve brown,Jamie Loader,Second,5,24,LOST,37,41,100,40,45,140,26,40,,,,,,,,,,,
Morden,Division Two,39,,,https://www.dartsatlas.com/matches/Oe0CrHcXURjo,Jamie Loader,Steve brown,First,5,27,WON,44,95,99,40,134,57,24,0,8,,,,,,,,,,
Morden,Division Two,39,,,https://www.dartsatlas.com/matches/Oe0CrHcXURjo,Steve brown,Jamie Loader,First,6,30,WON,30,41,81,58,58,83,40,58,36,16,,,,,,,,,
Morden,Division Two,39,,,https://www.dartsatlas.com/matches/Oe0CrHcXURjo,Jamie Loader,Steve brown,Second,6,27,LOST,11,41,47,40,100,56,41,77,72,,,,,,,,,,
Morden,Division Two,39,,,https://www.dartsatlas.com/matches/Oe0CrHcXURjo,Steve brown,Jamie Loader,Second,7,33,LOST,83,24,83,41,43,26,40,26,85,34,0,,,,,,,,
Morden,Division Two,39,,,https://www.dartsatlas.com/matches/Oe0CrHcXURjo,Jamie Loader,Steve brown,First,7,34,WON,32,45,44,35,29,26,22,44,68,76,48,32,,,,,,,
Morden,Division Two,39,,,https://www.dartsatlas.com/matches/Oe0CrHcXURjo,Steve brown,Jamie Loader,First,8,33,LOST,24,81,85,85,83,28,75,20,0,13,0,,,,,,,,
Morden,Division Two,39,,,https://www.dartsatlas.com/matches/Oe0CrHcXURjo,Jamie Loader,Steve brown,Second,8,32,WON,85,41,26,59,82,23,25,92,33,27,8,,,,,,,,
Morden,Division Two,39,,,https://www.dartsatlas.com/matches/Oe0CrHcXURjo,Steve brown,Jamie Loader,Second,9,35,WON,43,7,39,60,26,30,180,96,10,0,0,10,,,,,,,
Morden,Division Two,39,,,https://www.dartsatlas.com/matches/Oe0CrHcXURjo,Jamie Loader,Steve brown,First,9,36,LOST,15,60,37,99,54,40,40,26,40,52,30,0,,,,,,,
Morden,Division Two,39,,,https://www.dartsatlas.com/matches/Oe0CrHcXURjo,Steve brown,Jamie Loader,First,10,29,WON,55,41,55,45,41,31,121,40,40,32,,,,,,,,,
Morden,Division Two,39,,,https://www.dartsatlas.com/matches/Oe0CrHcXURjo,Jamie Loader,Steve brown,Second,10,27,LOST,27,57,99,45,83,54,64,32,10,,,,,,,,,,
Morden,Division Two,39,,,https://www.dartsatlas.com/matches/Oe0CrHcXURjo,Steve brown,Jamie Loader,Second,11,27,LOST,80,60,45,22,60,24,3,41,24,,,,,,,,,,
Morden,Division Two,39,,,https://www.dartsatlas.com/matches/Oe0CrHcXURjo,Jamie Loader,Steve brown,First,11,28,WON,96,98,32,49,56,44,48,76,0,2,,,,,,,,,
Morden,Division Two,39,,,https://www.dartsatlas.com/matches/Oe0CrHcXURjo,Steve brown,Jamie Loader,First,12,47,WON,60,48,43,5,43,6,100,100,25,31,20,0,0,0,0,20,,,
Morden,Division Two,39,,,https://www.dartsatlas.com/matches/Oe0CrHcXURjo,Jamie Loader,Steve brown,Second,12,45,LOST,25,31,46,81,60,64,33,136,14,3,0,6,0,0,0,,,,
Morden,Division Two,39,,,https://www.dartsatlas.com/matches/Oe0CrHcXURjo,Steve brown,Jamie Loader,Second,13,29,WON,36,41,36,100,83,33,35,10,39,88,,,,,,,,,
Morden,Division Two,39,,,https://www.dartsatlas.com/matches/Oe0CrHcXURjo,Jamie Loader,Steve brown,First,13,30,LOST,85,57,25,60,84,42,8,30,59,43,,,,,,,,,
Morden,Division Two,39,,,https://www.dartsatlas.com/matches/Oe0CrHcXURjo,Steve brown,Jamie Loader,First,14,33,LOST,40,41,43,45,45,50,59,24,0,60,22,,,,,,,,
Morden,Division Two,39,,,https://www.dartsatlas.com/matches/Oe0CrHcXURjo,Jamie Loader,Steve brown,Second,14,31,WON,45,80,9,36,57,54,100,52,36,16,16,,,,,,,,
Morden,Division Two,39,,,https://www.dartsatlas.com/matches/eWufGWZYrKV6,Christine Jamieson,Gary Braisby,Second,1,27,LOST,30,30,80,71,29,45,31,45,21,,,,,,,,,,
Morden,Division Two,39,,,https://www.dartsatlas.com/matches/eWufGWZYrKV6,Gary Braisby,Christine Jamieson,First,1,29,WON,81,60,15,41,22,45,85,81,31,40,,,,,,,,,
Morden,Division Two,39,,,https://www.dartsatlas.com/matches/eWufGWZYrKV6,Christine Jamieson,Gary Braisby,First,2,27,LOST,10,80,57,26,71,31,51,47,44,,,,,,,,,,
Morden,Division Two,39,,,https://www.dartsatlas.com/matches/eWufGWZYrKV6,Gary Braisby,Christine Jamieson,Second,2,27,WON,40,40,83,140,44,43,97,10,4,,,,,,,,,,
Morden,Division Two,39,,,https://www.dartsatlas.com/matches/eWufGWZYrKV6,Christine Jamieson,Gary Braisby,Second,3,27,LOST,26,45,30,15,20,40,40,55,50,,,,,,,,,,
Morden,Division Two,39,,,https://www.dartsatlas.com/matches/eWufGWZYrKV6,Gary Braisby,Christine Jamieson,First,3,29,WON,45,26,41,62,85,23,76,61,50,32,,,,,,,,,
Morden,Division Two,39,,,https://www.dartsatlas.com/matches/eWufGWZYrKV6,Christine Jamieson,Gary Braisby,First,4,27,LOST,57,29,52,34,29,42,41,59,23,,,,,,,,,,
Morden,Division Two,39,,,https://www.dartsatlas.com/matches/eWufGWZYrKV6,Gary Braisby,Christine Jamieson,Second,4,26,WON,58,81,40,60,60,41,96,33,32,,,,,,,,,,
Morden,Division Two,39,,,https://www.dartsatlas.com/matches/eWufGWZYrKV6,Christine Jamieson,Gary Braisby,Second,5,27,LOST,55,28,40,21,14,17,33,63,34,,,,,,,,,,
Morden,Division Two,39,,,https://www.dartsatlas.com/matches/eWufGWZYrKV6,Gary Braisby,Christine Jamieson,First,5,29,WON,85,45,22,97,85,99,52,0,0,16,,,,,,,,,
Morden,Division Two,39,,,https://www.dartsatlas.com/matches/eWufGWZYrKV6,Christine Jamieson,Gary Braisby,First,6,27,LOST,55,39,31,32,65,44,17,13,44,,,,,,,,,,
Morden,Division Two,39,,,https://www.dartsatlas.com/matches/eWufGWZYrKV6,Gary Braisby,Christine Jamieson,Second,6,25,WON,121,42,85,12,70,97,34,30,10,,,,,,,,,,
Morden,Division Two,39,,,https://www.dartsatlas.com/matches/eWufGWZYrKV6,Christine Jamieson,Gary Braisby,Second,7,27,LOST,35,71,52,42,79,42,54,25,45,,,,,,,,,,
Morden,Division Two,39,,,https://www.dartsatlas.com/matches/eWufGWZYrKV6,Gary Braisby,Christine Jamieson,First,7,28,WON,45,45,55,100,41,30,95,54,18,18,,,,,,,,,
Morden,Division Two,39,,,https://www.dartsatlas.com/matches/eWufGWZYrKV6,Christine Jamieson,Gary Braisby,First,8,27,LOST,29,73,13,47,83,30,36,34,46,,,,,,,,,,
Morden,Division Two,39,,,https://www.dartsatlas.com/matches/eWufGWZYrKV6,Gary Braisby,Christine Jamieson,Second,8,26,WON,60,81,45,100,95,81,7,0,32,,,,,,,,,,
Morden,Division Two,39,,,https://www.dartsatlas.com/matches/u93v1w7svuAc,Christine Jamieson,Nick East,Second,1,30,LOST,25,35,14,76,33,45,29,25,30,35,,,,,,,,,
Morden,Division Two,39,,,https://www.dartsatlas.com/matches/u93v1w7svuAc,Nick East,Christine Jamieson,First,1,32,WON,43,41,100,26,66,45,6,30,26,78,40,,,,,,,,
Morden,Division Two,39,,,https://www.dartsatlas.com/matches/u93v1w7svuAc,Christine Jamieson,Nick East,First,2,30,LOST,25,40,79,44,79,83,33,86,16,0,,,,,,,,,
Morden,Division Two,39,,,https://www.dartsatlas.com/matches/u93v1w7svuAc,Nick East,Christine Jamieson,Second,2,28,WON,41,47,55,28,54,78,48,78,32,40,,,,,,,,,
Morden,Division Two,39,,,https://www.dartsatlas.com/matches/u93v1w7svuAc,Christine Jamieson,Nick East,Second,3,30,LOST,53,76,74,57,38,33,28,29,39,34,,,,,,,,,
Morden,Division Two,39,,,https://www.dartsatlas.com/matches/u93v1w7svuAc,Nick East,Christine Jamieson,First,3,32,WON,66,46,61,100,36,81,26,37,8,0,40,,,,,,,,
Morden,Division Two,39,,,https://www.dartsatlas.com/matches/u93v1w7svuAc,Christine Jamieson,Nick East,First,4,30,LOST,30,83,20,41,41,57,45,95,59,0,,,,,,,,,
Morden,Division Two,39,,,https://www.dartsatlas.com/matches/u93v1w7svuAc,Nick East,Christine Jamieson,Second,4,28,WON,56,35,26,95,60,81,41,27,40,40,,,,,,,,,
Morden,Division Two,39,,,https://www.dartsatlas.com/matches/u93v1w7svuAc,Christine Jamieson,Nick East,Second,5,24,LOST,33,33,63,62,26,14,32,32,,,,,,,,,,,
Morden,Division Two,39,,,https://www.dartsatlas.com/matches/u93v1w7svuAc,Nick East,Christine Jamieson,First,5,26,WON,44,97,41,45,60,41,26,77,70,,,,,,,,,,
Morden,Division Two,39,,,https://www.dartsatlas.com/matches/u93v1w7svuAc,Christine Jamieson,Nick East,First,6,39,LOST,45,3,57,16,63,48,32,64,47,60,34,16,0,,,,,,
Morden,Division Two,39,,,https://www.dartsatlas.com/matches/u93v1w7svuAc,Nick East,Christine Jamieson,Second,6,37,WON,36,49,60,95,81,40,55,26,54,0,1,0,4,,,,,,
Morden,Division Two,39,,,https://www.dartsatlas.com/matches/u93v1w7svuAc,Christine Jamieson,Nick East,Second,7,33,LOST,22,21,13,30,45,57,31,31,51,41,31,,,,,,,,
Morden,Division Two,39,,,https://www.dartsatlas.com/matches/u93v1w7svuAc,Nick East,Christine Jamieson,First,7,34,WON,26,60,100,81,57,43,39,24,61,2,0,8,,,,,,,
Morden,Division Two,39,,,https://www.dartsatlas.com/matches/u93v1w7svuAc,Christine Jamieson,Nick East,First,8,24,LOST,35,21,32,23,44,25,52,35,,,,,,,,,,,
Morden,Division Two,39,,,https://www.dartsatlas.com/matches/u93v1w7svuAc,Nick East,Christine Jamieson,Second,8,23,WON,26,55,85,60,85,80,60,50,,,,,,,,,,,
Morden,Division Two,39,,,https://www.dartsatlas.com/matches/fZ40Ok7ucoBn,Kelly Gower,Teddie Stanford,First,1,26,WON,49,94,83,25,41,43,77,40,49,,,,,,,,,,
Morden,Division Two,39,,,https://www.dartsatlas.com/matches/fZ40Ok7ucoBn,Teddie Stanford,Kelly Gower,Second,1,24,LOST,33,89,25,54,26,47,21,79,,,,,,,,,,,
Morden,Division Two,39,,,https://www.dartsatlas.com/matches/fZ40Ok7ucoBn,Kelly Gower,Teddie Stanford,Second,2,32,WON,64,41,47,95,25,55,40,43,54,21,16,,,,,,,,
Morden,Division Two,39,,,https://www.dartsatlas.com/matches/fZ40Ok7ucoBn,Teddie Stanford,Kelly Gower,First,2,33,LOST,61,59,85,9,28,27,53,29,24,40,57,,,,,,,,
Morden,Division Two,39,,,https://www.dartsatlas.com/matches/fZ40Ok7ucoBn,Kelly Gower,Teddie Stanford,First,3,40,WON,33,41,29,45,96,47,33,54,15,37,30,25,0,16,,,,,
Morden,Division Two,39,,,https://www.dartsatlas.com/matches/fZ40Ok7ucoBn,Teddie Stanford,Kelly Gower,Second,3,39,LOST,41,29,45,41,13,45,64,33,55,49,78,0,4,,,,,,
Morden,Division Two,39,,,https://www.dartsatlas.com/matches/fZ40Ok7ucoBn,Kelly Gower,Teddie Stanford,Second,4,36,LOST,45,95,58,26,17,74,67,51,36,8,0,14,,,,,,,
Morden,Division Two,39,,,https://www.dartsatlas.com/matches/fZ40Ok7ucoBn,Teddie Stanford,Kelly Gower,First,4,39,WON,22,53,38,47,41,83,45,57,51,0,39,0,25,,,,,,
Morden,Division Two,39,,,https://www.dartsatlas.com/matches/fZ40Ok7ucoBn,Kelly Gower,Teddie Stanford,First,5,43,WON,39,31,85,22,57,29,45,41,33,47,17,16,0,29,10,,,,
Morden,Division Two,39,,,https://www.dartsatlas.com/matches/fZ40Ok7ucoBn,Teddie Stanford,Kelly Gower,Second,5,42,LOST,79,42,45,13,17,78,41,101,45,15,19,0,3,0,,,,,
Morden,Division Two,39,,,https://www.dartsatlas.com/matches/fZ40Ok7ucoBn,Kelly Gower,Teddie Stanford,Second,6,51,WON,35,41,33,33,83,45,43,41,79,36,17,9,0,4,0,0,2,,
Morden,Division Two,39,,,https://www.dartsatlas.com/matches/fZ40Ok7ucoBn,Teddie Stanford,Kelly Gower,First,6,51,LOST,79,43,41,7,54,15,17,55,41,29,36,26,38,0,10,8,0,,
Morden,Division Two,39,,,https://www.dartsatlas.com/matches/fZ40Ok7ucoBn,Kelly Gower,Teddie Stanford,First,7,35,WON,41,54,57,23,42,59,82,27,32,27,37,20,,,,,,,
Morden,Division Two,39,,,https://www.dartsatlas.com/matches/fZ40Ok7ucoBn,Teddie Stanford,Kelly Gower,Second,7,33,LOST,76,41,92,83,12,38,24,62,35,0,0,,,,,,,,
Morden,Division Two,39,,,https://www.dartsatlas.com/matches/fZ40Ok7ucoBn,Kelly Gower,Teddie Stanford,Second,8,28,WON,44,29,98,25,76,57,29,88,41,14,,,,,,,,,
Morden,Division Two,39,,,https://www.dartsatlas.com/matches/fZ40Ok7ucoBn,Teddie Stanford,Kelly Gower,First,8,30,LOST,54,29,57,38,70,29,67,29,28,35,,,,,,,,,
Morden,Division Two,39,,,https://www.dartsatlas.com/matches/fZ40Ok7ucoBn,Kelly Gower,Teddie Stanford,First,9,33,LOST,45,25,57,43,42,33,95,29,108,18,0,,,,,,,,
Morden,Division Two,39,,,https://www.dartsatlas.com/matches/fZ40Ok7ucoBn,Teddie Stanford,Kelly Gower,Second,9,32,WON,57,83,57,32,67,13,13,44,67,28,40,,,,,,,,
Morden,Division Two,39,,,https://www.dartsatlas.com/matches/fZ40Ok7ucoBn,Kelly Gower,Teddie Stanford,Second,10,36,WON,42,32,57,54,13,44,33,45,52,15,42,72,,,,,,,
Morden,Division Two,39,,,https://www.dartsatlas.com/matches/fZ40Ok7ucoBn,Teddie Stanford,Kelly Gower,First,10,36,LOST,31,83,31,57,94,14,40,29,42,40,0,24,,,,,,,
Morden,Division Two,39,,,https://www.dartsatlas.com/matches/zvdyEmDZQAhz,Gary Braisby,Jamie Loader,Second,1,24,LOST,43,81,120,42,42,45,28,80,,,,,,,,,,,
Morden,Division Two,39,,,https://www.dartsatlas.com/matches/zvdyEmDZQAhz,Jamie Loader,Gary Braisby,First,1,25,WON,72,69,36,29,26,39,80,118,32,,,,,,,,,,
Morden,Division Two,39,,,https://www.dartsatlas.com/matches/zvdyEmDZQAhz,Gary Braisby,Jamie Loader,First,2,21,LOST,40,60,81,41,81,22,28,,,,,,,,,,,,
Morden,Division Two,39,,,https://www.dartsatlas.com/matches/zvdyEmDZQAhz,Jamie Loader,Gary Braisby,Second,2,19,WON,100,100,41,82,89,49,40,,,,,,,,,,,,
Morden,Division Two,39,,,https://www.dartsatlas.com/matches/zvdyEmDZQAhz,Gary Braisby,Jamie Loader,Second,3,41,WON,81,39,11,85,26,87,81,25,48,10,0,4,0,4,,,,,
Morden,Division Two,39,,,https://www.dartsatlas.com/matches/zvdyEmDZQAhz,Jamie Loader,Gary Braisby,First,3,42,LOST,32,59,82,44,54,20,5,13,26,38,79,33,0,8,,,,,
Morden,Division Two,39,,,https://www.dartsatlas.com/matches/zvdyEmDZQAhz,Gary Braisby,Jamie Loader,First,4,25,WON,81,42,62,58,42,40,85,51,40,,,,,,,,,,
Morden,Division Two,39,,,https://www.dartsatlas.com/matches/zvdyEmDZQAhz,Jamie Loader,Gary Braisby,Second,4,24,LOST,40,79,32,81,35,46,121,32,,,,,,,,,,,
Morden,Division Two,39,,,https://www.dartsatlas.com/matches/zvdyEmDZQAhz,Gary Braisby,Jamie Loader,Second,5,26,WON,40,140,41,100,40,28,43,34,35,,,,,,,,,,
Morden,Division Two,39,,,https://www.dartsatlas.com/matches/zvdyEmDZQAhz,Jamie Loader,Gary Braisby,First,5,27,LOST,80,35,81,85,40,40,20,32,52,,,,,,,,,,
Morden,Division Two,39,,,https://www.dartsatlas.com/matches/zvdyEmDZQAhz,Gary Braisby,Jamie Loader,First,6,26,WON,85,28,58,140,41,28,97,9,15,,,,,,,,,,
Morden,Division Two,39,,,https://www.dartsatlas.com/matches/zvdyEmDZQAhz,Jamie Loader,Gary Braisby,Second,6,24,LOST,47,42,60,41,47,48,29,49,,,,,,,,,,,
Morden,Division Two,39,,,https://www.dartsatlas.com/matches/zvdyEmDZQAhz,Gary Braisby,Jamie Loader,Second,7,27,LOST,43,60,39,30,41,41,58,38,39,,,,,,,,,,
Morden,Division Two,39,,,https://www.dartsatlas.com/matches/zvdyEmDZQAhz,Jamie Loader,Gary Braisby,First,7,30,WON,30,64,47,41,49,56,44,40,40,90,,,,,,,,,
Morden,Division Two,39,,,https://www.dartsatlas.com/matches/zvdyEmDZQAhz,Gary Braisby,Jamie Loader,First,8,28,WON,60,83,72,60,56,40,44,34,36,16,,,,,,,,,
Morden,Division Two,39,,,https://www.dartsatlas.com/matches/zvdyEmDZQAhz,Jamie Loader,Gary Braisby,Second,8,27,LOST,23,61,99,38,80,45,51,47,17,,,,,,,,,,
Morden,Division Two,39,,,https://www.dartsatlas.com/matches/zvdyEmDZQAhz,Gary Braisby,Jamie Loader,Second,9,22,WON,45,42,22,100,100,60,92,40,,,,,,,,,,,
Morden,Division Two,39,,,https://www.dartsatlas.com/matches/zvdyEmDZQAhz,Jamie Loader,Gary Braisby,First,9,24,LOST,92,135,41,24,22,147,30,0,,,,,,,,,,,
Morden,Division Two,39,,,https://www.dartsatlas.com/matches/zvdyEmDZQAhz,Gary Braisby,Jamie Loader,First,10,27,WON,40,26,43,45,81,86,85,43,52,,,,,,,,,,
Morden,Division Two,39,,,https://www.dartsatlas.com/matches/zvdyEmDZQAhz,Jamie Loader,Gary Braisby,Second,10,24,LOST,43,54,45,25,89,100,59,46,,,,,,,,,,,
Morden,Division Two,39,,,https://www.dartsatlas.com/matches/zvdyEmDZQAhz,Gary Braisby,Jamie Loader,Second,11,15,LOST,22,41,81,81,28,,,,,,,,,,,,,,
Morden,Division Two,39,,,https://www.dartsatlas.com/matches/zvdyEmDZQAhz,Jamie Loader,Gary Braisby,First,11,18,WON,99,22,78,100,132,70,,,,,,,,,,,,,
Morden,Division Two,39,,,https://www.dartsatlas.com/matches/zvdyEmDZQAhz,Gary Braisby,Jamie Loader,First,12,24,LOST,60,100,95,121,42,34,17,0,,,,,,,,,,,
Morden,Division Two,39,,,https://www.dartsatlas.com/matches/zvdyEmDZQAhz,Jamie Loader,Gary Braisby,Second,12,24,WON,85,38,59,44,132,43,20,80,,,,,,,,,,,
Morden,Division Two,39,,,https://www.dartsatlas.com/matches/zvdyEmDZQAhz,Gary Braisby,Jamie Loader,Second,13,27,LOST,45,36,45,100,36,99,45,0,27,,,,,,,,,,
Morden,Division Two,39,,,https://www.dartsatlas.com/matches/zvdyEmDZQAhz,Jamie Loader,Gary Braisby,First,13,28,WON,80,40,43,86,123,41,48,20,0,20,,,,,,,,,
Morden,Division Two,39,,,https://www.dartsatlas.com/matches/zvdyEmDZQAhz,Gary Braisby,Jamie Loader,First,14,24,LOST,140,30,95,24,32,55,50,36,,,,,,,,,,,
Morden,Division Two,39,,,https://www.dartsatlas.com/matches/zvdyEmDZQAhz,Jamie Loader,Gary Braisby,Second,14,22,WON,60,100,59,15,40,97,120,10,,,,,,,,,,,
Morden,Division Two,39,,,https://www.dartsatlas.com/matches/hrWatqujhOiv,Kelly Gower,Steve brown,Second,1,39,LOST,29,41,57,57,39,40,41,22,70,68,0,0,0,,,,,,
Morden,Division Two,39,,,https://www.dartsatlas.com/matches/hrWatqujhOiv,Steve brown,Kelly Gower,First,1,41,WON,45,3,85,21,43,36,5,60,67,44,62,0,22,8,,,,,
Morden,Division Two,39,,,https://www.dartsatlas.com/matches/hrWatqujhOiv,Kelly Gower,Steve brown,First,2,30,WON,57,117,33,41,25,79,9,81,39,20,,,,,,,,,
Morden,Division Two,39,,,https://www.dartsatlas.com/matches/hrWatqujhOiv,Steve brown,Kelly Gower,Second,2,27,LOST,9,22,26,81,60,60,140,47,24,,,,,,,,,,
Morden,Division Two,39,,,https://www.dartsatlas.com/matches/hrWatqujhOiv,Kelly Gower,Steve brown,Second,3,33,LOST,23,27,33,29,13,57,43,57,79,21,46,,,,,,,,
Morden,Division Two,39,,,https://www.dartsatlas.com/matches/hrWatqujhOiv,Steve brown,Kelly Gower,First,3,36,WON,60,26,50,43,100,80,100,26,0,12,0,4,,,,,,,
Morden,Division Two,39,,,https://www.dartsatlas.com/matches/hrWatqujhOiv,Kelly Gower,Steve brown,First,4,27,LOST,17,43,57,55,41,29,45,41,13,,,,,,,,,,
Morden,Division Two,39,,,https://www.dartsatlas.com/matches/hrWatqujhOiv,Steve brown,Kelly Gower,Second,4,27,WON,41,36,100,23,81,43,99,58,20,,,,,,,,,,
Morden,Division Two,39,,,https://www.dartsatlas.com/matches/hrWatqujhOiv,Kelly Gower,Steve brown,Second,5,39,LOST,17,71,22,85,28,35,56,67,36,28,16,20,0,,,,,,
Morden,Division Two,39,,,https://www.dartsatlas.com/matches/hrWatqujhOiv,Steve brown,Kelly Gower,First,5,41,WON,60,60,41,41,123,100,44,20,0,0,10,0,0,2,,,,,
Morden,Division Two,39,,,https://www.dartsatlas.com/matches/hrWatqujhOiv,Kelly Gower,Steve brown,First,6,33,LOST,35,47,25,27,26,19,29,13,31,55,41,,,,,,,,
Morden,Division Two,39,,,https://www.dartsatlas.com/matches/hrWatqujhOiv,Steve brown,Kelly Gower,Second,6,31,WON,59,60,140,100,60,78,2,0,0,0,2,,,,,,,,
Morden,Division Two,39,,,https://www.dartsatlas.com/matches/hrWatqujhOiv,Kelly Gower,Steve brown,Second,7,42,WON,29,47,93,22,47,36,57,60,28,26,42,0,0,14,,,,,
Morden,Division Two,39,,,https://www.dartsatlas.com/matches/hrWatqujhOiv,Steve brown,Kelly Gower,First,7,42,LOST,24,43,60,121,100,59,78,0,12,0,0,2,0,0,,,,,
Morden,Division Two,39,,,https://www.dartsatlas.com/matches/hrWatqujhOiv,Kelly Gower,Steve brown,First,8,30,LOST,41,6,117,29,57,67,23,79,38,20,,,,,,,,,
Morden,Division Two,39,,,https://www.dartsatlas.com/matches/hrWatqujhOiv,Steve brown,Kelly Gower,Second,8,30,WON,55,43,43,28,60,41,140,59,16,16,,,,,,,,,
Morden,Division Two,39,,,https://www.dartsatlas.com/matches/hrWatqujhOiv,Kelly Gower,Steve brown,Second,9,36,LOST,51,33,31,44,43,26,30,43,43,65,32,40,,,,,,,
Morden,Division Two,39,,,https://www.dartsatlas.com/matches/hrWatqujhOiv,Steve brown,Kelly Gower,First,9,38,WON,21,26,41,40,30,81,60,22,28,60,60,24,8,,,,,,
Morden,Division Two,39,,,https://www.dartsatlas.com/matches/hrWatqujhOiv,Kelly Gower,Steve brown,First,10,33,LOST,31,45,57,22,76,42,41,133,0,15,3,,,,,,,,
Morden,Division Two,39,,,https://www.dartsatlas.com/matches/hrWatqujhOiv,Steve brown,Kelly Gower,Second,10,33,WON,41,30,85,22,100,40,23,41,59,40,20,,,,,,,,
Morden,Division Two,39,,,https://www.dartsatlas.com/matches/bMswRLnQLfvi,Christine Jamieson,Jamie Loader,Second,1,33,WON,52,41,63,80,26,45,47,27,40,40,40,,,,,,,,
Morden,Division Two,39,,,https://www.dartsatlas.com/matches/bMswRLnQLfvi,Jamie Loader,Christine Jamieson,First,1,33,LOST,45,55,85,49,44,53,35,41,78,8,0,,,,,,,,
Morden,Division Two,39,,,https://www.dartsatlas.com/matches/bMswRLnQLfvi,Christine Jamieson,Jamie Loader,First,2,36,LOST,41,30,30,35,59,27,40,33,16,28,34,111,,,,,,,
Morden,Division Two,39,,,https://www.dartsatlas.com/matches/bMswRLnQLfvi,Jamie Loader,Christine Jamieson,Second,2,34,WON,60,11,57,22,98,22,46,40,45,13,47,40,,,,,,,
Morden,Division Two,39,,,https://www.dartsatlas.com/matches/bMswRLnQLfvi,Christine Jamieson,Jamie Loader,Second,3,38,WON,47,31,46,32,43,54,29,51,46,36,22,40,24,,,,,,
Morden,Division Two,39,,,https://www.dartsatlas.com/matches/bMswRLnQLfvi,Jamie Loader,Christine Jamieson,First,3,39,LOST,81,11,44,60,43,75,59,28,60,20,10,0,0,,,,,,
Morden,Division Two,39,,,https://www.dartsatlas.com/matches/bMswRLnQLfvi,Christine Jamieson,Jamie Loader,First,4,32,WON,54,34,83,83,34,41,54,24,38,16,40,,,,,,,,
Morden,Division Two,39,,,https://www.dartsatlas.com/matches/bMswRLnQLfvi,Jamie Loader,Christine Jamieson,Second,4,30,LOST,60,83,96,92,31,22,57,20,20,10,,,,,,,,,
Morden,Division Two,39,,,https://www.dartsatlas.com/matches/bMswRLnQLfvi,Christine Jamieson,Jamie Loader,Second,5,24,LOST,29,10,71,57,17,26,79,66,,,,,,,,,,,
Morden,Division Two,39,,,https://www.dartsatlas.com/matches/bMswRLnQLfvi,Jamie Loader,Christine Jamieson,First,5,27,WON,78,60,54,139,27,29,79,16,19,,,,,,,,,,
Morden,Division Two,39,,,https://www.dartsatlas.com/matches/bMswRLnQLfvi,Christine Jamieson,Jamie Loader,First,6,37,WON,64,40,54,35,23,23,35,76,95,36,0,10,10,,,,,,
Morden,Division Two,39,,,https://www.dartsatlas.com/matches/bMswRLnQLfvi,Jamie Loader,Christine Jamieson,Second,6,36,LOST,26,100,60,40,87,40,36,26,70,14,0,0,,,,,,,
Morden,Division Two,39,,,https://www.dartsatlas.com/matches/bMswRLnQLfvi,Christine Jamieson,Jamie Loader,Second,7,30,LOST,13,34,31,28,27,41,21,39,33,45,,,,,,,,,
Morden,Division Two,39,,,https://www.dartsatlas.com/matches/bMswRLnQLfvi,Jamie Loader,Christine Jamieson,First,7,33,WON,58,43,59,24,11,34,82,42,79,39,30,,,,,,,,
Morden,Division Two,39,,,https://www.dartsatlas.com/matches/bMswRLnQLfvi,Christine Jamieson,Jamie Loader,First,8,40,WON,57,55,33,40,31,88,52,38,68,31,6,0,0,2,,,,,
Morden,Division Two,39,,,https://www.dartsatlas.com/matches/bMswRLnQLfvi,Jamie Loader,Christine Jamieson,Second,8,39,LOST,43,84,43,77,30,79,28,77,30,0,0,0,8,,,,,,
Morden,Division Two,39,,,https://www.dartsatlas.com/matches/bMswRLnQLfvi,Christine Jamieson,Jamie Loader,Second,9,33,LOST,30,26,43,54,13,45,38,47,26,33,65,,,,,,,,
Morden,Division Two,39,,,https://www.dartsatlas.com/matches/bMswRLnQLfvi,Jamie Loader,Christine Jamieson,First,9,34,WON,41,22,32,22,82,60,13,40,38,79,52,20,,,,,,,
Morden,Division Two,39,,,https://www.dartsatlas.com/matches/bMswRLnQLfvi,Christine Jamieson,Jamie Loader,First,10,35,WON,38,27,57,81,17,28,45,29,57,23,83,16,,,,,,,
Morden,Division Two,39,,,https://www.dartsatlas.com/matches/bMswRLnQLfvi,Jamie Loader,Christine Jamieson,Second,10,33,LOST,60,26,60,80,88,27,83,22,36,0,11,,,,,,,,
Morden,Division Two,39,,,https://www.dartsatlas.com/matches/bMswRLnQLfvi,Christine Jamieson,Jamie Loader,Second,11,33,LOST,22,42,35,23,83,76,54,17,35,40,42,,,,,,,,
Morden,Division Two,39,,,https://www.dartsatlas.com/matches/bMswRLnQLfvi,Jamie Loader,Christine Jamieson,First,11,36,WON,68,43,71,96,35,38,65,36,0,41,0,8,,,,,,,
Morden,Division Two,39,,,https://www.dartsatlas.com/matches/bMswRLnQLfvi,Christine Jamieson,Jamie Loader,First,12,33,WON,67,47,17,43,72,47,98,22,23,33,32,,,,,,,,
Morden,Division Two,39,,,https://www.dartsatlas.com/matches/bMswRLnQLfvi,Jamie Loader,Christine Jamieson,Second,12,30,LOST,41,24,39,60,47,72,42,80,28,28,,,,,,,,,
Morden,Division Two,39,,,https://www.dartsatlas.com/matches/bMswRLnQLfvi,Christine Jamieson,Jamie Loader,Second,13,48,LOST,32,30,59,92,64,29,57,32,72,0,17,0,0,3,0,0,,,
Morden,Division Two,39,,,https://www.dartsatlas.com/matches/bMswRLnQLfvi,Jamie Loader,Christine Jamieson,First,13,49,WON,60,36,25,26,44,28,6,60,40,45,25,36,14,24,16,8,8,,
Morden,Division Two,39,,,https://www.dartsatlas.com/matches/bMswRLnQLfvi,Christine Jamieson,Jamie Loader,First,14,25,WON,41,44,21,95,77,95,48,72,8,,,,,,,,,,
Morden,Division Two,39,,,https://www.dartsatlas.com/matches/bMswRLnQLfvi,Jamie Loader,Christine Jamieson,Second,14,24,LOST,60,41,26,60,30,28,83,76,,,,,,,,,,,
Morden,Division Two,39,,,https://www.dartsatlas.com/matches/PuKMBj6pjQYM,Nick East,Steve brown,First,1,34,WON,70,62,45,41,64,39,43,37,0,60,26,14,,,,,,,
Morden,Division Two,39,,,https://www.dartsatlas.com/matches/PuKMBj6pjQYM,Steve brown,Nick East,Second,1,33,LOST,140,22,60,7,26,41,41,60,45,39,0,,,,,,,,
Morden,Division Two,39,,,https://www.dartsatlas.com/matches/PuKMBj6pjQYM,Nick East,Steve brown,Second,2,55,WON,62,5,34,92,100,41,117,31,11,0,4,0,0,0,2,0,0,0,2
Morden,Division Two,39,,,https://www.dartsatlas.com/matches/PuKMBj6pjQYM,Steve brown,Nick East,First,2,57,LOST,125,45,45,41,81,58,44,0,14,16,0,0,28,0,0,0,2,0,0
Morden,Division Two,39,,,https://www.dartsatlas.com/matches/PuKMBj6pjQYM,Nick East,Steve brown,First,3,33,LOST,43,45,78,81,58,43,41,92,0,0,15,,,,,,,,
Morden,Division Two,39,,,https://www.dartsatlas.com/matches/PuKMBj6pjQYM,Steve brown,Nick East,Second,3,31,WON,40,41,85,81,15,43,62,22,28,60,24,,,,,,,,
Morden,Division Two,39,,,https://www.dartsatlas.com/matches/PuKMBj6pjQYM,Nick East,Steve brown,Second,4,27,LOST,28,85,45,45,81,41,39,66,46,,,,,,,,,,
Morden,Division Two,39,,,https://www.dartsatlas.com/matches/PuKMBj6pjQYM,Steve brown,Nick East,First,4,30,WON,62,100,60,41,22,41,59,84,0,32,,,,,,,,,
Morden,Division Two,39,,,https://www.dartsatlas.com/matches/PuKMBj6pjQYM,Nick East,Steve brown,First,5,39,WON,22,60,3,60,60,41,83,45,47,26,14,0,40,,,,,,
Morden,Division Two,39,,,https://www.dartsatlas.com/matches/PuKMBj6pjQYM,Steve brown,Nick East,Second,5,36,LOST,45,26,30,60,25,60,7,58,32,13,19,43,,,,,,,
Morden,Division Two,39,,,https://www.dartsatlas.com/matches/PuKMBj6pjQYM,Nick East,Steve brown,Second,6,36,WON,22,44,45,22,140,58,68,39,12,31,0,20,,,,,,,
Morden,Division Two,39,,,https://www.dartsatlas.com/matches/PuKMBj6pjQYM,Steve brown,Nick East,First,6,36,LOST,40,24,30,66,26,60,43,45,36,27,44,20,,,,,,,
Morden,Division Two,39,,,https://www.dartsatlas.com/matches/PuKMBj6pjQYM,Nick East,Steve brown,First,7,24,WON,60,135,100,46,41,59,20,40,,,,,,,,,,,
Morden,Division Two,39,,,https://www.dartsatlas.com/matches/PuKMBj6pjQYM,Steve brown,Nick East,Second,7,21,LOST,85,26,7,95,55,45,100,,,,,,,,,,,,
Morden,Division Two,39,,,https://www.dartsatlas.com/matches/PuKMBj6pjQYM,Nick East,Steve brown,Second,8,18,LOST,43,77,66,36,26,100,,,,,,,,,,,,,
Morden,Division Two,39,,,https://www.dartsatlas.com/matches/PuKMBj6pjQYM,Steve brown,Nick East,First,8,19,WON,95,60,140,60,56,50,40,,,,,,,,,,,,
Morden,Division Two,39,,,https://www.dartsatlas.com/matches/PuKMBj6pjQYM,Nick East,Steve brown,First,9,26,WON,100,140,60,43,66,28,32,16,16,,,,,,,,,,
Morden,Division Two,39,,,https://www.dartsatlas.com/matches/PuKMBj6pjQYM,Steve brown,Nick East,Second,9,24,LOST,41,55,22,60,22,60,43,100,,,,,,,,,,,
Morden,Division Two,39,,,https://www.dartsatlas.com/matches/PuKMBj6pjQYM,Nick East,Steve brown,Second,10,21,LOST,26,17,116,30,44,43,121,,,,,,,,,,,,
Morden,Division Two,39,,,https://www.dartsatlas.com/matches/PuKMBj6pjQYM,Steve brown,Nick East,First,10,23,WON,100,41,26,85,85,80,38,46,,,,,,,,,,,
Morden,Division Two,39,,,https://www.dartsatlas.com/matches/PuKMBj6pjQYM,Nick East,Steve brown,First,11,39,WON,81,59,60,29,85,95,82,6,2,0,0,0,2,,,,,,
Morden,Division Two,39,,,https://www.dartsatlas.com/matches/PuKMBj6pjQYM,Steve brown,Nick East,Second,11,36,LOST,25,40,81,100,60,45,40,50,0,40,0,15,,,,,,,
Morden,Division Two,39,,,https://www.dartsatlas.com/matches/PuKMBj6pjQYM,Nick East,Steve brown,Second,12,15,LOST,60,49,9,58,55,,,,,,,,,,,,,,
Morden,Division Two,39,,,https://www.dartsatlas.com/matches/PuKMBj6pjQYM,Steve brown,Nick East,First,12,17,WON,100,60,100,140,97,4,,,,,,,,,,,,,
Morden,Division Two,39,,,https://www.dartsatlas.com/matches/PuKMBj6pjQYM,Nick East,Steve brown,First,13,24,WON,85,81,22,26,41,111,105,30,,,,,,,,,,,
Morden,Division Two,39,,,https://www.dartsatlas.com/matches/PuKMBj6pjQYM,Steve brown,Nick East,Second,13,21,LOST,45,40,41,26,140,26,45,,,,,,,,,,,,
Morden,Division Two,39,,,https://www.dartsatlas.com/matches/nT8JfiNzrk2p,Gary Braisby,Kelly Gower,Second,1,33,LOST,26,17,81,140,43,100,40,34,15,0,1,,,,,,,,
Morden,Division Two,39,,,https://www.dartsatlas.com/matches/nT8JfiNzrk2p,Kelly Gower,Gary Braisby,First,1,35,WON,35,44,95,67,41,25,33,47,75,21,9,9,,,,,,,
Morden,Division Two,39,,,https://www.dartsatlas.com/matches/nT8JfiNzrk2p,Gary Braisby,Kelly Gower,First,2,25,WON,100,81,123,59,80,46,6,2,4,,,,,,,,,,
Morden,Division Two,39,,,https://www.dartsatlas.com/matches/nT8JfiNzrk2p,Kelly Gower,Gary Braisby,Second,2,24,LOST,29,37,47,49,45,29,95,81,,,,,,,,,,,
Morden,Division Two,39,,,https://www.dartsatlas.com/matches/nT8JfiNzrk2p,Gary Braisby,Kelly Gower,Second,3,26,WON,41,140,100,41,57,26,28,60,8,,,,,,,,,,
Morden,Division Two,39,,,https://www.dartsatlas.com/matches/nT8JfiNzrk2p,Kelly Gower,Gary Braisby,First,3,27,LOST,71,29,38,29,44,81,45,17,67,,,,,,,,,,
Morden,Division Two,39,,,https://www.dartsatlas.com/matches/nT8JfiNzrk2p,Gary Braisby,Kelly Gower,First,4,17,WON,140,40,41,100,120,60,,,,,,,,,,,,,
Morden,Division Two,39,,,https://www.dartsatlas.com/matches/nT8JfiNzrk2p,Kelly Gower,Gary Braisby,Second,4,15,LOST,51,95,29,45,124,,,,,,,,,,,,,,
Morden,Division Two,39,,,https://www.dartsatlas.com/matches/nT8JfiNzrk2p,Gary Braisby,Kelly Gower,Second,5,22,WON,60,45,55,140,57,94,18,32,,,,,,,,,,,
Morden,Division Two,39,,,https://www.dartsatlas.com/matches/nT8JfiNzrk2p,Kelly Gower,Gary Braisby,First,5,24,LOST,78,42,41,67,95,17,89,32,,,,,,,,,,,
Morden,Division Two,39,,,https://www.dartsatlas.com/matches/nT8JfiNzrk2p,Gary Braisby,Kelly Gower,First,6,22,WON,85,83,140,93,80,0,10,10,,,,,,,,,,,
Morden,Division Two,39,,,https://www.dartsatlas.com/matches/nT8JfiNzrk2p,Kelly Gower,Gary Braisby,Second,6,21,LOST,31,60,64,39,53,29,80,,,,,,,,,,,,
Morden,Division Two,39,,,https://www.dartsatlas.com/matches/nT8JfiNzrk2p,Gary Braisby,Kelly Gower,Second,7,27,LOST,125,41,60,41,28,68,26,7,29,,,,,,,,,,
Morden,Division Two,39,,,https://www.dartsatlas.com/matches/nT8JfiNzrk2p,Kelly Gower,Gary Braisby,First,7,30,WON,80,57,63,29,83,27,83,26,29,24,,,,,,,,,
Morden,Division Two,39,,,https://www.dartsatlas.com/matches/nT8JfiNzrk2p,Gary Braisby,Kelly Gower,First,8,19,WON,140,60,81,40,100,60,20,,,,,,,,,,,,
Morden,Division Two,39,,,https://www.dartsatlas.com/matches/nT8JfiNzrk2p,Kelly Gower,Gary Braisby,Second,8,18,LOST,30,46,26,14,22,54,,,,,,,,,,,,,
Morden,Division Two,39,,,https://www.dartsatlas.com/matches/nT8JfiNzrk2p,Gary Braisby,Kelly Gower,Second,9,18,WON,81,140,58,140,62,20,,,,,,,,,,,,,
Morden,Division Two,39,,,https://www.dartsatlas.com/matches/nT8JfiNzrk2p,Kelly Gower,Gary Braisby,First,9,18,LOST,41,26,17,29,30,43,,,,,,,,,,,,,
Morden,Division Two,39,,,https://www.dartsatlas.com/matches/nT8JfiNzrk2p,Gary Braisby,Kelly Gower,First,10,24,WON,55,100,100,98,96,0,0,52,,,,,,,,,,,
Morden,Division Two,39,,,https://www.dartsatlas.com/matches/nT8JfiNzrk2p,Kelly Gower,Gary Braisby,Second,10,21,LOST,38,59,44,42,23,43,57,,,,,,,,,,,,
